Time,EventCategory,Platform,Product,EventLabelRaw,EventData
2026-09-24 22:49:55.700000+00:00,WebEvent,desktop,OpenRice,"CityID:0;PromotionId:13,100,13,13,13,13,13,13,100,13,13,13,13,13,13,13,100,13;Sn:https://www.openrice.com/zh/hongkong/l-少鹽少糖食店-l35336",https://www.openrice.com/zh/hongkong/l-少鹽少糖食店-l35336
2026-09-24 22:45:08.100000+00:00,WebEvent,desktop,OpenRice,"CityID:0;PromotionId:13,13,13,13,13,13,13,13,13,13,13,13,13,13,100,13;Sn:https://www.openrice.com/zh/hongkong/l-少鹽少糖食店-l35336",https://www.openrice.com/zh/hongkong/l-少鹽少糖食店-l35336
2026-09-24 22:22:09.300000+00:00,WebEvent,desktop,OpenRice,"CityID:0;PromotionId:13,13,13,13,13;Sn:https://www.openrice.com/zh/hongkong/l-少鹽少糖食店-l35336?sortBy=ORScoreDesc&districtId=2019&conditionId=10010",https://www.openrice.com/zh/hongkong/l-少鹽少糖食店-l35336?sortBy=ORScoreDesc&districtId=2019&conditionId=10010
2026-09-24 22:21:48.200000+00:00,WebEvent,desktop,OpenRice,"CityID:0;PromotionId:13,13,13,13,13;Sn:https://www.openrice.com/zh/hongkong/l-少鹽少糖食店-l35336?sortBy=ORScoreDesc&districtId=2019&conditionId=10010",https://www.openrice.com/zh/hongkong/l-少鹽少糖食店-l35336?sortBy=ORScoreDesc&districtId=2019&conditionId=10010
2026-09-24 22:00:48.800000+00:00,WebEvent,desktop,OpenRice,"CityID:0;PromotionId:13,13,13,13,13,13,13,13,13,13,13,13,13,13,13;Sn:https://www.openrice.com/zh/hongkong/l-少鹽少糖食店-l35336",https://www.openrice.com/zh/hongkong/l-少鹽少糖食店-l35336
2026-09-24 21:07:20.100000+00:00,WebEvent,bot,OpenRice,"CityID:0;PromotionId:13,13,13,13,13,13,13,13,13,13,13,13,13,13,13;Sn:https://www.openrice.com/zh/hongkong/l-少鹽少糖食店-l35336?sortBy=ORScoreDesc",https://www.openrice.com/zh/hongkong/l-少鹽少糖食店-l35336?sortBy=ORScoreDesc
2026-09-24 20:21:36.500000+00:00,WebEvent,bot,OpenRice,"CityID:0;PromotionId:13,13,13,13,13,13,13,13,13,13,13,13,13,13,13;Sn:https://www.openrice.com/zh/hongkong/l-少鹽少糖食店-l35336",https://www.openrice.com/zh/hongkong/l-少鹽少糖食店-l35336
2026-09-24 18:11:13.200000+00:00,WebEvent,desktop,OpenRice,"CityID:0;PromotionId:13,13,13,13,13,13,13,13,13,13,13,13,13,13,13;Sn:https://www.openrice.com/zh/hongkong/l-少鹽少糖食店-l35336",https://www.openrice.com/zh/hongkong/l-少鹽少糖食店-l35336
2026-09-24 17:46:15.400000+00:00,WebEvent,mobile,OpenRice,"CityID:0;PromotionId:13,13,13,13,13,13,13,13,13,13,13,13,13,13,13;Sn:https://www.openrice.com/zh/hongkong/l-少鹽少糖食店-l35336",https://www.openrice.com/zh/hongkong/l-少鹽少糖食店-l35336
2026-09-24 16:37:04.500000+00:00,WebEvent,desktop,OpenRice,"CityID:0;PromotionId:13,13,13,13,13,13,13,13,13,13,13,13,13,13,100,13;Sn:https://www.openrice.com/zh/hongkong/l-少鹽少糖食店-l35336",https://www.openrice.com/zh/hongkong/l-少鹽少糖食店-l35336
2026-09-24 16:36:34.900000+00:00,WebEvent,desktop,OpenRice,"CityID:0;PromotionId:13,13,13,13,13,13,13,13,13,13,13,13,13,13,13;Sn:https://www.openrice.com/zh/hongkong/l-少鹽少糖食店-l35336",https://www.openrice.com/zh/hongkong/l-少鹽少糖食店-l35336
2026-09-24 16:07:14.800000+00:00,WebEvent,desktop,OpenRice,"CityID:0;PromotionId:13,13,13,13,13,13,13,13,13,13,13,13,13,13,100,13;Sn:https://www.openrice.com/zh/hongkong/l-少鹽少糖食店-l35336",https://www.openrice.com/zh/hongkong/l-少鹽少糖食店-l35336
2026-09-24 16:06:44.800000+00:00,WebEvent,desktop,OpenRice,"CityID:0;PromotionId:13,13,13,13,13,13,13,13,13,13,13,13,13,13,13;Sn:https://www.openrice.com/zh/hongkong/l-少鹽少糖食店-l35336",https://www.openrice.com/zh/hongkong/l-少鹽少糖食店-l35336
2026-09-24 16:06:14+00:00,WebEvent,desktop,OpenRice,"CityID:0;PromotionId:13,13,13,13,13,13,13,13,13,13,13,13,13,13,13;Sn:https://www.openrice.com/en/hongkong/l-salt-sugar-reduction-restaurant-l35336",https://www.openrice.com/en/hongkong/l-salt-sugar-reduction-restaurant-l35336
2026-09-24 16:04:39.300000+00:00,WebEvent,desktop,OpenRice,"CityID:0;PromotionId:13,13,13,13,13,13,13,13,13,13,13,13,13,13,13;Sn:https://www.openrice.com/zh/hongkong/l-少鹽少糖食店-l35336",https://www.openrice.com/zh/hongkong/l-少鹽少糖食店-l35336
2026-09-24 15:01:34.100000+00:00,WebEvent,desktop,OpenRice,"CityID:0;PromotionId:13,13,13,13,13,13,13,13,13,13,13,13,13,13,13;Sn:https://www.openrice.com/zh/hongkong/l-少鹽少糖食店-l35336",https://www.openrice.com/zh/hongkong/l-少鹽少糖食店-l35336
2026-09-24 14:28:30.800000+00:00,WebEvent,desktop,OpenRice,"CityID:0;PromotionId:13,13,13,13,13,13,13,13,13,13,13,13,13,13,13;Sn:https://www.openrice.com/zh/hongkong/l-少鹽少糖食店-l35336",https://www.openrice.com/zh/hongkong/l-少鹽少糖食店-l35336
2026-09-24 13:50:07.200000+00:00,WebEvent,mobile,OpenRice,"CityID:0;PromotionId:13,13,13,13,13,13,13,13,13,13,13,13,13,13,13;Sn:https://www.openrice.com/zh/hongkong/l-少鹽少糖食店-l35336?sortBy=ORScoreDesc&landmarkCategoryId=-990&poiType=1&districtId=2008&districtId=2010#tabs",https://www.openrice.com/zh/hongkong/l-少鹽少糖食店-l35336?sortBy=ORScoreDesc&landmarkCategoryId=-990&poiType=1&districtId=2008&districtId=2010
2026-09-24 13:49:45.400000+00:00,WebEvent,mobile,OpenRice,"CityID:0;PromotionId:13,13,13,13,13,13,13,13,13,13,13,13,13,13,13;Sn:https://www.openrice.com/zh/hongkong/l-少鹽少糖食店-l35336?sortBy=ORScoreDesc&landmarkCategoryId=-990&poiType=1&districtId=2008&districtId=2010#tabs",https://www.openrice.com/zh/hongkong/l-少鹽少糖食店-l35336?sortBy=ORScoreDesc&landmarkCategoryId=-990&poiType=1&districtId=2008&districtId=2010
2026-09-24 13:49:03.300000+00:00,WebEvent,mobile,OpenRice,"CityID:0;PromotionId:13,13,13,13,13,13,13,13,13,13,13,13,13,13,13;Sn:https://www.openrice.com/zh/hongkong/l-少鹽少糖食店-l35336?sortBy=ORScoreDesc&landmarkCategoryId=-990&poiType=1&districtId=2008&districtId=2010#tabs",https://www.openrice.com/zh/hongkong/l-少鹽少糖食店-l35336?sortBy=ORScoreDesc&landmarkCategoryId=-990&poiType=1&districtId=2008&districtId=2010
2026-09-24 13:48:43.700000+00:00,WebEvent,mobile,OpenRice,"CityID:0;PromotionId:13,13,13,13,13,13,13,13,13,13,13,13,13,13,13;Sn:https://www.openrice.com/zh/hongkong/l-少鹽少糖食店-l35336",https://www.openrice.com/zh/hongkong/l-少鹽少糖食店-l35336
2026-09-24 13:37:01+00:00,WebEvent,mobile,OpenRice,"CityID:0;PromotionId:13,13,13,13,13,13,13,13,13,13,13,13,13,13,13;Sn:https://www.openrice.com/zh/hongkong/l-少鹽少糖食店-l35336",https://www.openrice.com/zh/hongkong/l-少鹽少糖食店-l35336
2026-09-24 13:36:35.500000+00:00,WebEvent,mobile,OpenRice,"CityID:0;PromotionId:13,13,13,13,13,13,13,13,13,13,13,13,13,13,13;Sn:https://www.openrice.com/zh/hongkong/l-少鹽少糖食店-l35336",https://www.openrice.com/zh/hongkong/l-少鹽少糖食店-l35336
2026-09-24 13:09:06.200000+00:00,WebEvent,mobile,OpenRice,"CityID:0;PromotionId:13,13,13,13,13,13,13,13,13,13,13,13,13,13,13;Sn:https://www.openrice.com/zh/hongkong/l-少鹽少糖食店-l35336?sortBy=ORScoreDesc&landmarkCategoryId=-990&poiType=1&districtId=2010&districtId=2008#tabs",https://www.openrice.com/zh/hongkong/l-少鹽少糖食店-l35336?sortBy=ORScoreDesc&landmarkCategoryId=-990&poiType=1&districtId=2010&districtId=2008
2026-09-24 13:09:05.300000+00:00,WebEvent,mobile,OpenRice,"CityID:0;PromotionId:13,13,13,13,13,13,13,13,13,13,13,13,13,13,13;Sn:https://www.openrice.com/zh/hongkong/l-少鹽少糖食店-l35336",https://www.openrice.com/zh/hongkong/l-少鹽少糖食店-l35336
2026-09-24 13:08:50.400000+00:00,WebEvent,mobile,OpenRice,"CityID:0;PromotionId:13,13,13,13,13,13,13,13,13,13,13,13,13,13,13;Sn:https://www.openrice.com/zh/hongkong/l-少鹽少糖食店-l35336",https://www.openrice.com/zh/hongkong/l-少鹽少糖食店-l35336
2026-09-24 12:49:41.500000+00:00,WebEvent,mobile,OpenRice,"CityID:0;PromotionId:13,13,13,13,13,13,13,13,13,13,13,13,13,13,13;Sn:https://www.openrice.com/zh/hongkong/l-少鹽少糖食店-l35336",https://www.openrice.com/zh/hongkong/l-少鹽少糖食店-l35336
2026-09-24 12:14:40.300000+00:00,WebEvent,mobile,OpenRice,"CityID:0;PromotionId:13,13,13,13,13,13,13,13,13,13,13,13,13,13,13;Sn:https://www.openrice.com/zh/hongkong/l-少鹽少糖食店-l35336",https://www.openrice.com/zh/hongkong/l-少鹽少糖食店-l35336
2026-09-24 11:55:23.700000+00:00,WebEvent,desktop,OpenRice,"CityID:0;PromotionId:13,13,13,13,13,13,13,13,13,13,13,13,13,13,13;Sn:https://www.openrice.com/zh/hongkong/l-少鹽少糖食店-l35336",https://www.openrice.com/zh/hongkong/l-少鹽少糖食店-l35336
2026-09-24 11:37:08.700000+00:00,WebEvent,desktop,OpenRice,"CityID:0;PromotionId:13,13,13,13,13,13,13,13,13,13,13,13,13,13,13;Sn:https://www.openrice.com/zh/hongkong/l-少鹽少糖食店-l35336",https://www.openrice.com/zh/hongkong/l-少鹽少糖食店-l35336
2026-09-24 11:29:22.700000+00:00,WebEvent,desktop,OpenRice,"CityID:0;PromotionId:13,13,13,13,13,13,13,13,13,13,13,13,13,13,13;Sn:https://www.openrice.com/zh/hongkong/l-少鹽少糖食店-l35336/offers",https://www.openrice.com/zh/hongkong/l-少鹽少糖食店-l35336/offers
2026-09-24 11:28:55.700000+00:00,WebEvent,desktop,OpenRice,"CityID:0;PromotionId:13,13,13,13,13,13,13,13,13,13,13,13,13,13,13;Sn:https://www.openrice.com/zh/hongkong/l-少鹽少糖食店-l35336",https://www.openrice.com/zh/hongkong/l-少鹽少糖食店-l35336
2026-09-24 11:28:53.200000+00:00,WebEvent,desktop,OpenRice,"CityID:0;PromotionId:13,13,13,13,13,13,13,13,13,13,13,13,13,13,13;Sn:https://www.openrice.com/zh/hongkong/l-少鹽少糖食店-l35336",https://www.openrice.com/zh/hongkong/l-少鹽少糖食店-l35336
2026-09-24 11:21:35.400000+00:00,WebEvent,desktop,OpenRice,"CityID:0;PromotionId:13,13,13,13,13,13,13,13,13,13,13,13,13,13,13;Sn:https://www.openrice.com/zh/hongkong/l-少鹽少糖食店-l35336?sortBy=ORScoreDesc",https://www.openrice.com/zh/hongkong/l-少鹽少糖食店-l35336?sortBy=ORScoreDesc
2026-09-24 11:21:06.400000+00:00,WebEvent,desktop,OpenRice,"CityID:0;PromotionId:13,13,13,13,13,13,13,13,13,13,13,13,13,13,100,13;Sn:https://www.openrice.com/zh/hongkong/l-少鹽少糖食店-l35336",https://www.openrice.com/zh/hongkong/l-少鹽少糖食店-l35336
2026-09-24 11:20:39.200000+00:00,WebEvent,desktop,OpenRice,"CityID:0;PromotionId:13,13,13,13,13,13,13,13,13,13,13,13,13,13,13;Sn:https://www.openrice.com/zh/hongkong/l-少鹽少糖食店-l35336",https://www.openrice.com/zh/hongkong/l-少鹽少糖食店-l35336
2026-09-24 11:20:16.400000+00:00,WebEvent,desktop,OpenRice,"CityID:0;PromotionId:13,13,13,13,13,13,13,13,13,13,13,13,13,13,13;Sn:https://www.openrice.com/zh/hongkong/l-少鹽少糖食店-l35336",https://www.openrice.com/zh/hongkong/l-少鹽少糖食店-l35336
2026-09-24 11:19:18.600000+00:00,WebEvent,desktop,OpenRice,"CityID:0;PromotionId:13,13,13,13,13,13,13,13,13,13,13,13,13,13,13;Sn:https://www.openrice.com/zh/hongkong/l-少鹽少糖食店-l35336",https://www.openrice.com/zh/hongkong/l-少鹽少糖食店-l35336
2026-09-24 10:59:22.500000+00:00,WebEvent,desktop,OpenRice,"CityID:0;PromotionId:13,13,13,13,13,13,13,13,13,13,13,13,13,13,100,13;Sn:https://www.openrice.com/zh/hongkong/l-少鹽少糖食店-l35336",https://www.openrice.com/zh/hongkong/l-少鹽少糖食店-l35336
2026-09-24 10:58:52.700000+00:00,WebEvent,desktop,OpenRice,"CityID:0;PromotionId:13,13,13,13,13,13,13,13,13,13,13,13,13,13,13;Sn:https://www.openrice.com/zh/hongkong/l-少鹽少糖食店-l35336",https://www.openrice.com/zh/hongkong/l-少鹽少糖食店-l35336
2026-09-24 10:23:44.700000+00:00,WebEvent,desktop,OpenRice,"CityID:0;PromotionId:13,13,13,13,13,13,13,13,13,13,13,13,13,13,13;Sn:https://www.openrice.com/zh/hongkong/l-少鹽少糖食店-l35336",https://www.openrice.com/zh/hongkong/l-少鹽少糖食店-l35336
2026-09-24 10:23:09.900000+00:00,WebEvent,desktop,OpenRice,"CityID:0;PromotionId:13,100,13,13,13,13,13,13,100,13,13,13,13,13,13,13,100,13;Sn:https://www.openrice.com/zh/hongkong/l-少鹽少糖食店-l35336",https://www.openrice.com/zh/hongkong/l-少鹽少糖食店-l35336
2026-09-24 10:21:58.900000+00:00,WebEvent,desktop,OpenRice,"CityID:0;PromotionId:13,13,13,13,13,13,13,13,13,13,13,13,13,13,100,13;Sn:https://www.openrice.com/zh/hongkong/l-少鹽少糖食店-l35336",https://www.openrice.com/zh/hongkong/l-少鹽少糖食店-l35336
2026-09-24 10:19:54.900000+00:00,WebEvent,desktop,OpenRice,"CityID:0;PromotionId:13,13,13,13,13,13,13,13,13,13,13,13,13,13,13;Sn:https://www.openrice.com/zh/hongkong/l-少鹽少糖食店-l35336",https://www.openrice.com/zh/hongkong/l-少鹽少糖食店-l35336
2026-09-24 09:17:35.100000+00:00,WebEvent,desktop,OpenRice,"CityID:0;PromotionId:13,13,13,13,13,13,13,13,13,13,13,13,13,13,13;Sn:https://www.openrice.com/zh/hongkong/l-少鹽少糖食店-l35336",https://www.openrice.com/zh/hongkong/l-少鹽少糖食店-l35336
2026-09-24 06:29:18.500000+00:00,WebEvent,bot,OpenRice,"CityID:0;PromotionId:13,13,13,13,13,13,13,13,13,13,13,13,13,13,13;Sn:https://www.openrice.com/zh/hongkong/l-少鹽少糖食店-l35336",https://www.openrice.com/zh/hongkong/l-少鹽少糖食店-l35336
2026-09-24 01:47:02.600000+00:00,WebEvent,mobile,OpenRice,"CityID:0;PromotionId:13,13,13,13,13,13,13,13,13,13,13,13,13,13,13;Sn:https://www.openrice.com/zh/hongkong/l-少鹽少糖食店-l35336",https://www.openrice.com/zh/hongkong/l-少鹽少糖食店-l35336
2026-09-24 01:43:17.600000+00:00,WebEvent,mobile,OpenRice,"CityID:0;PromotionId:13,13,13,13,13,13,13,13,13,13,13,13,13,13,13;Sn:https://www.openrice.com/zh/hongkong/l-少鹽少糖食店-l35336",https://www.openrice.com/zh/hongkong/l-少鹽少糖食店-l35336
2026-09-24 00:53:40.500000+00:00,WebEvent,desktop,OpenRice,"CityID:0;PromotionId:13,13,13;Sn:https://www.openrice.com/zh/hongkong/l-少鹽少糖食店-l35336?sortBy=ORScoreDesc&cuisineId=2009&cuisineId=2001&districtId=2010",https://www.openrice.com/zh/hongkong/l-少鹽少糖食店-l35336?sortBy=ORScoreDesc&cuisineId=2009&cuisineId=2001&districtId=2010
2026-09-24 00:53:08.200000+00:00,WebEvent,desktop,OpenRice,"CityID:0;PromotionId:13,13,13,13,13,13,13,13,13,13,13,13,13,13,13;Sn:https://www.openrice.com/zh/hongkong/l-少鹽少糖食店-l35336?sortBy=ORScoreDesc",https://www.openrice.com/zh/hongkong/l-少鹽少糖食店-l35336?sortBy=ORScoreDesc
