event_date,device_category,operating_system,event_name,page_location,page_referrer,firebase_screen,firebase_previous_screen,sn,sr,app_version,event_count,user_pseudo_id_count
2026-09-13,mobile,iOS,or_poi_get_menu,,,HK.SR2.Overview.847466,,HK.SR2.Overview.847466,sr2Tab,7.8.0,1,1
2026-09-13,mobile,iOS,or_takeaway_order,,,HK.Takeaway.order.882534,,HK.Takeaway.order.882534,sr2Tab,7.13.0,1,1
2026-09-13,mobile,iOS,or_search_back_dialog,,,HK.SR2.Overview.501851,,HK.SR2.Overview.501851,,7.6.1,1,1
2026-09-13,mobile,Android,user_media_fullscreen,,,HK.Sr2.Reel.photo.29062713,,,,7.6.0,1,1
2026-09-13,mobile,iOS,user_media_info,,,HK.SR2.Reel.media.54924,,HK.SR2.Reel.media.54924,Reel,7.11.1,1,1
2026-09-13,mobile,iOS,or_poi_doorPhoto,,,HK.SR2.Overview.11321,,HK.SR2.Overview.11321,Others,7.5.1,1,1
2026-09-13,mobile,iOS,or_poi_suggest_poi,,,HK.SR2.Overview.50643,,,,7.12.3,2,1
2026-09-13,mobile,Android,or_search_adv,,,HK.AdvSearch.SR1.4,,,,6.2.1,1,1
2026-09-13,mobile,iOS,or_search_quick,,,HK.Photo.SR1.1,,HK.Photo.SR1.1,search_key_in,7.9.6,1,1
2026-09-13,mobile,Android,or_suggestedRestaurant_get_poi,,,HK.SR2.overview.739091,,,sr2suggest,6.3.3,1,1
2026-09-13,mobile,iOS,or_poi_get_menu,,,HK.SR2.Overview.1107540,,HK.SR2.Overview.1107540,sr2Tab,7.9.5,1,1
2026-09-13,mobile,iOS,or_poi_phone,,,HK.SR2.Overview.761333,,,sr2basic,7.15.0,1,1
2026-09-13,mobile,iOS,or_poi_get_photos,,,HK.SR2.Overview.1008912,,HK.SR2.Overview.1008912,sr2allphoto,7.5.3,1,1
2026-09-13,mobile,iOS,or_search_back_dialog,,,HK.SR2.Overview.617393,,HK.SR2.Overview.617393,,7.9.5,1,1
2026-09-13,mobile,iOS,or_search_tablemap,,,HK.TM.SR1.1,,HK.TM.SR1.1,biz,7.12.3,7,2
2026-09-13,mobile,iOS,or_deeplink_get_poi,,,HK.SR2.Overview.549764,,,,7.11.0,1,1
2026-09-13,mobile,iOS,or_explore,,,HK.Explore.5,,HK.Explore.5,btmBar,7.17.1,1,1
2026-09-13,mobile,iOS,or_poi_review_smile,,,HK.SR2.review.ok.660740,,HK.SR2.review.ok.660740,sr2reviewTab,7.10.0,1,1
2026-09-13,mobile,iOS,or_tm_menu_offer_detail,,,HK.TM.Menu.Offer.List.869998,,HK.TM.Menu.Offer.List.869998,BookingMenuSR1,7.10.3,1,1
2026-09-13,mobile,iOS,or_poi_get_menu,,,HK.SR2.video.others.553546,,HK.SR2.video.others.553546,sr2PhotoTab,7.4.3,1,1
2026-09-13,mobile,iOS,or_poi_phone,,,HK.SR2.Overview.564474,,,sr2info,7.15.0,1,1
2026-09-13,mobile,iOS,or_tm_menu_offer_list,,,HK.SR2.Overview.867576,,HK.SR2.Overview.867576,(null),7.11.1,1,1
2026-09-13,mobile,iOS,or_search_back_dialog,,,HK.SR2.Overview.129366,,HK.SR2.Overview.129366,,7.8.0,1,1
2026-09-13,mobile,iOS,or_sr2_reel_media,,,HK.SR2.Reel.media.44712,,hk.SR2.photo.all.885553,,7.17.2,1,1
2026-09-13,mobile,iOS,or_poi_phone,,,HK.SR2.Overview.1001605,,,sr2info,7.9.2,1,1
2026-09-13,mobile,Android,or_takeaway_order,,,HK.SR2.overview.824911,,,sr2Tab,7.13.0,1,1
2026-09-13,mobile,iOS,user_bookmark_poi,,,HK.SR2.Overview.666149,,(null),sr2,7.17.2,1,1
2026-09-13,mobile,iOS,or_search_back_dialog,,,HK.SR2.Overview.1128517,,HK.SR2.Overview.1128517,,7.13.0,1,1
2026-09-13,mobile,Android,view_SR1_Promotion,,,HK.Nearby.SR1.4,,hk.Nearby.SR1.4,,7.17.0,1,1
2026-09-13,mobile,iOS,or_poi_get_photos,,,HK.SR2.Overview.192492,,HK.SR2.Overview.192492,sr2allphoto,7.9.6,3,3
2026-09-13,mobile,Android,or_search_back,,,,,HK.QckSearch.SR1.1,SR1,7.6.4,1,1
2026-09-13,mobile,iOS,or_poi_popularDish,,,HK.SR2.Overview.687798,,HK.SR2.Overview.687798,sr2popular,7.5.3,1,1
2026-09-13,mobile,iOS,or_tm_succeed,,,HK.TM.booking.672108,,HK.TM.booking.672108,,7.15.0,1,1
2026-09-13,mobile,iOS,or_poi_get_photos,,,HK.SR2.Overview.657974,,HK.SR2.Overview.657974,sr2allphoto,7.6.1,1,1
2026-09-13,mobile,Android,view_SR1_Promotion,,,HK.QckSearch.SR1.1,,,,6.1.2,3,1
2026-09-13,mobile,iOS,or_poi_get_photos,,,HK.SR2.Overview.815441,,,sr2allphoto,7.3.1,1,1
2026-09-13,mobile,iOS,or_poi_get_photos,,,HK.SR2.Overview.1013687,,,sr2allphoto,7.2.1,1,1
2026-09-13,mobile,iOS,or_search_back_dialog,,,HK.SR2.Overview.711791,,HK.SR2.Overview.711791,,7.10.3,1,1
2026-09-13,mobile,iOS,or_poi_popularDish_detail,,,HK.SR2.popularDish.list.601527,,,,7.4.1,1,1
2026-09-13,mobile,iOS,or_poi_moreinfo,,,HK.SR2.Overview.807369,,HK.SR2.Overview.807369,sr2MoreInfo,7.5.3,1,1
2026-09-13,mobile,iOS,or_poi_review_back,,,HK.SR2.review.882231,,HK.SR2.review.882231,,7.15.0,1,1
2026-09-13,mobile,iOS,or_poi_get_menu,,,HK.SR2.photo.decor.499690,,HK.SR2.photo.decor.499690,sr2PhotoTab,7.9.6,1,1
2026-09-13,mobile,iOS,or_search_back,,,MO.QckSearch.sr1.1,,MO.QckSearch.sr1.1,,7.6.0,2,1
2026-09-13,mobile,iOS,or_poi_doorPhoto,,,HK.SR2.Overview.1142653,,HK.SR2.Overview.1142653,Others,7.17.2,1,1
2026-09-13,mobile,iOS,or_search_back,,,HK.AdvSearch.SR1.6,,HK.AdvSearch.SR1.6,,7.7.1,1,1
2026-09-13,mobile,iOS,or_search_back_dialog,,,HK.AdvSearch.SR1.22,,hk.POI.Bookmark.Category,,7.7.1,1,1
2026-09-13,mobile,Android,or_search_quick,,,HK.LMS2Lite.35195.tab.-990.4,,hk.QckSearch,lmsSr1,7.16.1,2,1
2026-09-13,mobile,iOS,user_bookmark_poi,,,HK.SR2.Overview.1025202,,,sr2,7.3.2,1,1
2026-09-13,mobile,iOS,or_sponsor_get_poi,,,HK.AdvSearch.SR1.1,,,sr1,7.6.6,1,1
2026-09-13,mobile,iOS,or_search_nearby,,,HK.Search.SR1.7,,HK.Search.SR1.7,search_button,7.12.0,1,1
2026-09-13,mobile,Android,impression_jobs_poiSr2Hiring,,,HK.SR2.overview.701116,,,,7.17.1,1,1
2026-09-13,mobile,iOS,or_search_adv,,,HK.AdvSearch.sr1.1,,HK.AdvSearch.sr1.1,Advance,7.9.0,6,4
2026-09-13,mobile,iOS,or_search_back_dialog,,,HK.SR2.Overview.690612,,HK.SR2.Overview.690612,,7.12.3,1,1
2026-09-13,mobile,iOS,or_poi_get_menu,,,HK.SR2.photo.decor.1147293,,HK.SR2.photo.decor.1147293,sr2PhotoTab,7.9.5,1,1
2026-09-13,mobile,iOS,or_poi_get_menu,,,HK.SR2.photo.menu.513686,,HK.SR2.photo.menu.513686,,7.10.1,1,1
2026-09-13,mobile,iOS,or_poi_doorPhoto,,,HK.SR2.Overview.599321,,HK.SR2.Overview.599321,Others,7.17.2,1,1
2026-09-13,mobile,iOS,or_search_quick,,,HK.LMS2Lite.15.tab.-990.2,,HK.LMS2Lite.15.tab.-990.2,,7.17.2,1,1
2026-09-13,mobile,iOS,or_poi_moreinfo,,,HK.SR2.Overview.892654,,HK.SR2.Overview.892654,sr2MoreInfo,7.12.3,1,1
2026-09-13,mobile,iOS,or_search_nearby,,,HK.Search.SR1.8,,HK.Search.SR1.8,qcksearch,7.13.3,1,1
2026-09-13,mobile,iOS,or_search_quick,,,HK.QckSearch.SR1.32,,HK.QckSearch.SR1.32,search_key_in,7.9.0,1,1
2026-09-13,mobile,iOS,or_tm_book,,,HK.SR2.Overview.1136299,,HK.SR2.Overview.1136299,sr2BookingWidget,7.14.4,1,1
2026-09-13,mobile,iOS,or_poi_moreinfo,,,HK.SR2.Overview.706058,,HK.SR2.Overview.706058,sr2opening,7.14.2,1,1
2026-09-13,mobile,Android,or_search_get_poi,,,HK.Search.SR1.2,,hk.Search.SR1.2,sr1,7.16.0,3,1
2026-09-13,mobile,Android,user_media_fullscreen,,,HK.SR1.Reel.photo.29501270,,HK.SR1.Reel.photo.29501270,,7.18.1,1,1
2026-09-13,mobile,iOS,or_search_back_dialog,,,HK.SR2.Overview.538956,,HK.SR2.Overview.538956,,7.15.0,1,1
2026-09-13,mobile,Android,or_search_quick,,,HK.Search.SR1.4,,hk.QckSearch,,7.14.2,1,1
2026-09-13,mobile,iOS,or_takeaway_order,,,HK.Takeaway.order.851449,,HK.Takeaway.order.851449,sr1,7.16.1,1,1
2026-09-13,mobile,iOS,or_selforder_order,,,HK.SR2.Overview.32066,,HK.SR2.Overview.32066,sr2Tab,7.7.1,1,1
2026-09-13,mobile,Android,or_myor_bkmPOI,,,HK.MyBookmarkCat.1,,,Others,7.17.0,1,1
2026-09-13,mobile,iOS,or_poi_get_menu,,,HK.SR2.photo.4042,,HK.SR2.photo.4042,sr2PhotoTab,7.9.6,2,1
2026-09-13,mobile,iOS,or_poi_get_menu,,,HK.SR2.Overview.1127489,,,sr2Tab,7.3.4,1,1
2026-09-13,mobile,iOS,or_takeaway_order,,,HK.Takeaway.order.137646,,HK.Takeaway.order.137646,sr2OV,7.9.5,1,1
2026-09-13,mobile,iOS,or_search_get_poi,,,HK.QckSearch.SR1.8,,,sr1,7.8.0,5,2
2026-09-13,mobile,Android,or_search_adv,,,HK.Search.SR1.4,,hk.Search.SR1.4,OfferSR1,7.15.0,1,1
2026-09-13,mobile,iOS,or_poi_get_photos_video,,,HK.SR2.photo.popularDish.719007,,HK.SR2.photo.popularDish.719007,sr2PhotoTab,7.10.3,1,1
2026-09-13,mobile,iOS,or_takeaway_checkout,,,HK.Takeaway.order.678969,,HK.Takeaway.order.678969,menu,7.17.2,3,1
2026-09-13,mobile,iOS,or_poi_get_menu,,,HK.SR2.photo.decor.723366,,HK.SR2.photo.decor.723366,sr2PhotoTab,7.9.5,1,1
2026-09-13,mobile,Android,or_search_tablemap,,,HK.TM.SR1.1,,hk.Home,index,7.14.5,1,1
2026-09-13,mobile,iOS,or_poi_map_copy,,,HK.SR2.Map.1119731,,,,7.12.3,1,1
2026-09-13,mobile,iOS,or_poi_get_menu,,,HK.SR2.Reel.photo.28933702,,HK.SR2.Reel.photo.28933702,,7.9.5,1,1
2026-09-13,mobile,iOS,or_search_back_dialog,,,HK.SR2.Overview.550678,,HK.SR2.Overview.550678,,7.11.1,1,1
2026-09-13,mobile,iOS,or_poi_map,,,HK.SR2.Overview.886947,,HK.SR2.Overview.886947,,7.9.5,1,1
2026-09-13,mobile,iOS,user_media_fullscreen,,,HK.Photo.SR1.Reel.media.55996,,HK.Photo.SR1.Reel.media.55996,Reel,7.15.0,1,1
2026-09-13,mobile,iOS,or_poi_moreinfo,,,HK.SR2.Overview.1147111,,,sr2opening,7.1.1,1,1
2026-09-13,mobile,iOS,or_search_back_dialog,,,HK.QckSearch.SR1.1,,HK.QckSearch.SR1.1,,7.6.0,6,4
2026-09-13,mobile,iOS,or_poi_review_back,,,HK.SR2.review.1029161,,HK.SR2.review.1029161,,7.10.3,1,1
2026-09-13,mobile,iOS,or_poi_lms_banner,,,HK.SR2.Overview.608240,,HK.SR2.Overview.608240,,7.16.1,1,1
2026-09-13,mobile,iOS,or_chart_bookmarked_preview,,,HK.Home.Explore.1,,HK.Home.Explore.1,ChartBookmarkPreview,7.9.5,1,1
2026-09-13,mobile,iOS,or_poi_get_photos,,,HK.SR2.photo.879674,,HK.SR2.photo.879674,,7.9.5,1,1
2026-09-13,mobile,Android,impression_photo,,,HK.Explore.3,,,PhotoSR1,7.3.5,24,1
2026-09-13,mobile,iOS,or_takeaway_order,,,HK.Takeaway.order.672108,,HK.Takeaway.order.672108,themesr1,7.14.3,2,1
2026-09-13,mobile,Android,or_search_quick,,,HK.Search.SR1.7,,hk.Search.SR1.3,biz,7.16.2,1,1
2026-09-13,mobile,iOS,or_search_quick,,,HK.LMS2Lite.35314.tab.-990.3,,HK.LMS2Lite.35314.tab.-990.3,,7.16.0,2,2
2026-09-13,mobile,iOS,or_poi_get_menu,,,HK.SR2.Overview.1121002,,HK.SR2.Overview.1121002,sr2Tab,7.6.6,1,1
2026-09-13,mobile,iOS,or_poi_get_photos,,,HK.SR2.Overview.860397,,HK.SR2.Overview.860397,sr2allphoto,7.9.6,3,2
2026-09-13,mobile,iOS,user_bookmark_poi,,,HK.SR2.Overview.663518,,,sr2,7.12.3,1,1
2026-09-13,mobile,iOS,or_poi_get_photos,,,HK.SR2.photo.1118756,,HK.SR2.photo.1118756,,7.6.6,1,1
2026-09-13,mobile,iOS,or_takeaway_order,,,HK.Takeaway.order.888861,,HK.Takeaway.order.888861,sr2Tab,7.10.2,1,1
2026-09-13,mobile,iOS,or_poi_moreinfo,,,HK.SR2.Overview.1135462,,HK.SR2.Overview.1135462,sr2opening,7.11.1,1,1
2026-09-13,mobile,iOS,or_search_nearby,,,HK.QckSearch.SR1.19,,HK.QckSearch.SR1.19,Index,7.9.5,1,1
2026-09-13,mobile,Android,or_poi_get_photos_all_video,,,HK.SR2.photo.video.6952,,HK.SR2.overview.6952,sr2photoTab,7.15.0,1,1
2026-09-13,mobile,iOS,or_poi_popularDish_detail,,,HK.SR2.photo.popularDish.808549,,HK.SR2.photo.popularDish.808549,,7.14.4,2,1
2026-09-13,mobile,iOS,or_poi_popularDish,,,HK.SR2.Menu.728472,,,sr2PhotoTab,7.2.1,1,1
2026-09-13,mobile,iOS,or_page_home,,,HK.Photo.SR1.Reel.media.55882,,,btmBar,7.13.3,1,1
2026-09-13,mobile,iOS,or_deeplink_get_poi,,,,,HK.SR2.Overview.879499,,7.17.0,1,1
2026-09-13,mobile,iOS,or_poi_moreinfo,,,HK.SR2.Overview.7773,,HK.SR2.Overview.7773,sr2MoreInfo,7.15.0,1,1
2026-09-13,mobile,iOS,poi_emenu_photo,,,HK.SR2.photo.menu.723830,,HK.SR2.photo.menu.723830,,7.10.0,1,1
2026-09-13,mobile,iOS,or_poi_popularDish,,,HK.SR2.Overview.745891,,,sr2popular,7.3.5,1,1
2026-09-13,mobile,Android,or_search_adv,,,HK.Search.SR1.3,,hk.TM.SR1.3,biz,7.16.1,1,1
2026-09-13,mobile,iOS,or_search_back_dialog,,,HK.SR2.Overview.1549,,HK.SR2.Overview.1549,,7.16.2,1,1
2026-09-13,mobile,iOS,or_poi_phone,,,HK.SR2.Overview.494254,,,sr2basic,7.16.1,1,1
2026-09-13,mobile,iOS,view_overview_Promotion,,,HK.SR2.Overview.627040,,,,6.3.3,1,1
2026-09-13,mobile,iOS,impression_photo,,,HK.QckSearch.SR1.1,,hk.photo.SR1.1,PhotoSR1,7.9.6,8,1
2026-09-13,mobile,iOS,or_poi_get_photos,,,HK.SR2.Overview.889775,,HK.SR2.Overview.889775,sr2allphoto,7.8.0,1,1
2026-09-13,mobile,iOS,or_sr2_reel_media,,,HK.SR2.photo.875222,,hk.SR2.photo.875222,,7.9.6,1,1
2026-09-13,mobile,iOS,or_poi_map_nearby,,,HK.SR2.Map.2837,,,,7.14.4,1,1
2026-09-13,mobile,iOS,or_search_adv,,,HK.AdvSearch.SR1.6,,HK.AdvSearch.SR1.6,Advance,7.4.3,3,3
2026-09-13,mobile,iOS,or_poi_map,,,HK.SR2.Overview.991355,,HK.SR2.Overview.991355,,7.14.4,1,1
2026-09-13,mobile,iOS,user_enter_profile,,,TW.Home,,TW.Home,btmBar,7.13.2,1,1
2026-09-13,mobile,iOS,or_poi_suggest_poi,,,HK.SR2.Overview.798198,,,,7.9.6,1,1
2026-09-13,mobile,iOS,or_search_nearby,,,HK.Search.SR1.1,,HK.Search.SR1.1,qcksearch,7.10.2,13,10
2026-09-13,mobile,Android,or_explore,,,HK.Home.Explore.2,,,btmBar,7.16.2,1,1
2026-09-13,mobile,iOS,or_search_layer_tips,,,HK.Search.SR1.7,,HK.Search.SR1.7,qcksearch,7.12.1,1,1
2026-09-13,mobile,iOS,or_poi_map,,,HK.SR2.Overview.725700,,HK.SR2.Overview.725700,,7.9.2,1,1
2026-09-13,mobile,Android,user_media_fullscreen,,,HK.Sr2.Reel.photo.28884748,,HK.Sr2.Reel.photo.28884748,,7.17.1,1,1
2026-09-13,mobile,iOS,or_search_back,,,CN.QckSearch.sr1.1,,CN.QckSearch.sr1.1,,7.9.6,1,1
2026-09-13,mobile,iOS,or_poi_get_photos,,,HK.SR2.Reel.photo.29479535,,HK.SR2.Reel.photo.29479535,,7.9.0,1,1
2026-09-13,mobile,iOS,or_poi_get_menu,,,HK.SR2.Menu.25865,,HK.SR2.Menu.25865,,7.9.5,1,1
2026-09-13,mobile,iOS,or_search_tablemap,,,HK.Home,,,Index,7.2.1,2,2
2026-09-13,mobile,iOS,user_share_poi,,,HK.SR2.Overview.895236,,,sr2sharepop,7.15.0,1,1
2026-09-13,mobile,Android,or_search_all,,,,,hk.Search.SR1.1,,7.16.1,2,2
2026-09-13,mobile,iOS,or_poi_get_photos,,,HK.SR2.Overview.822866,,,sr2allphoto,7.3.3,1,1
2026-09-13,mobile,iOS,or_poi_get_photos,,,HK.SR2.Overview.515728,,HK.SR2.Overview.515728,sr2allphoto,7.10.3,1,1
2026-09-13,mobile,iOS,or_poi_get_photos,,,HK.SR2.Overview.784243,,,sr2allphoto,7.3.2,1,1
2026-09-13,mobile,iOS,or_poi_get_menu,,,HK.SR2.photo.decor.897494,,HK.SR2.photo.decor.897494,sr2PhotoTab,7.10.3,1,1
2026-09-13,mobile,iOS,or_poi_review_back,,,HK.SR2.review.669441,,HK.SR2.review.669441,,7.10.2,1,1
2026-09-13,mobile,iOS,or_poi_get_photos,,,HK.SR2.Overview.50643,,HK.SR2.Overview.50643,sr2allphoto,7.9.5,1,1
2026-09-13,mobile,iOS,or_poi_get_menu,,,HK.SR2.photo.menu.685089,,HK.SR2.photo.menu.685089,,7.10.3,2,1
2026-09-13,mobile,iOS,or_search_layer_tips,,,HK.Search.SR1.6,,HK.Search.SR1.6,qcksearch,7.12.3,11,7
2026-09-13,mobile,iOS,or_poi_map,,,HK.SR2.Overview.847725,,HK.SR2.Overview.847725,,7.6.3,1,1
2026-09-13,mobile,Android,or_chart_bookmarked,,,HK.Chart.Bookmarked,,hk.Chart.Preview.bookmarked,,7.16.0,1,1
2026-09-13,mobile,iOS,or_search_get_poi,,,HK.AdvSearch.sr1.1,,,sr1,7.6.1,1,1
2026-09-13,mobile,iOS,or_sr1_reel_media,,,HK.SR1.Reel.photo.20229963,,hk.SR1.1,,7.15.0,1,1
2026-09-13,mobile,iOS,or_search_back_dialog,,,HK.SR2.Overview.642181,,HK.SR2.Overview.642181,,7.10.3,3,2
2026-09-13,mobile,iOS,view_overview_Promotion,,,HK.SR2.Overview.627040,,,,7.9.2,1,1
2026-09-13,mobile,iOS,or_poi_get_photos_others,,,HK.SR2.photo.menu.631636,,HK.SR2.photo.menu.631636,sr2PhotoTab,7.15.0,1,1
2026-09-13,mobile,iOS,or_takeaway_order,,,HK.Takeaway.order.537611,,HK.Takeaway.order.537611,themesr1,7.9.6,2,1
2026-09-13,mobile,iOS,user_share_poi,,,HK.QckSearch,,,sr2sharepop,7.17.2,1,1
2026-09-13,mobile,iOS,or_poi_moreinfo,,,HK.SR2.Overview.768412,,HK.SR2.Overview.768412,sr2MoreInfo,7.12.3,1,1
2026-09-13,mobile,iOS,user_share_poi,,,HK.SR2.Overview.806968,,,sr2sharepop,7.14.4,1,1
2026-09-13,mobile,iOS,or_poi_popularDish,,,HK.SR2.photo.728768,,HK.SR2.photo.728768,sr2PhotoTab,7.9.2,1,1
2026-09-13,mobile,iOS,or_page_home,,,HK.Home,,,btmBar,7.10.3,19,14
2026-09-13,mobile,iOS,or_coupon_getdetails,,,HK.SR2.Overview.1015005,,HK.SR2.Overview.1015005,sr2OV,7.16.0,1,1
2026-09-13,mobile,iOS,or_takeaway_order,,,HK.Takeaway.order.674521,,HK.Takeaway.order.674521,sr2Tab,7.12.3,1,1
2026-09-13,mobile,iOS,or_search_back_dialog,,,HK.QckSearch.SR1.4,,HK.QckSearch.SR1.4,,7.9.2,5,5
2026-09-13,mobile,iOS,or_search_get_poi,,,HK.AdvSearch.SR1.56,,,sr1,7.6.1,1,1
2026-09-13,mobile,Android,poi_emenu_get_item,,,HK.SR2.Menu.629069,,,,7.18.1,1,1
2026-09-13,mobile,iOS,or_poi_get_photos,,,HK.SR2.Overview.516665,,HK.SR2.Overview.516665,sr2photo,7.6.6,1,1
2026-09-13,mobile,Android,or_tm_menu_offer_detail,,,HK.TM.Menu.Offer.35016,,,,7.16.2,1,1
2026-09-13,mobile,iOS,or_poi_map,,,HK.SR2.Overview.715165,,HK.SR2.Overview.715165,,7.12.3,1,1
2026-09-13,mobile,iOS,or_takeaway_order,,,HK.Takeaway.order.879660,,HK.Takeaway.order.879660,themesr1,7.13.0,1,1
2026-09-13,mobile,iOS,poi_emenu_photo,,,HK.SR2.Menu.2665,,HK.SR2.Menu.2665,,7.6.3,1,1
2026-09-13,mobile,iOS,or_poi_moreinfo,,,HK.SR2.Overview.782809,,HK.SR2.Overview.782809,sr2MoreInfo,7.14.4,2,2
2026-09-13,mobile,iOS,or_poi_get_menu,,,HK.SR2.photo.173466,,HK.SR2.photo.173466,sr2PhotoTab,7.9.5,1,1
2026-09-13,mobile,iOS,or_poi_get_menu,,,HK.SR2.Menu.847466,,HK.SR2.Menu.847466,,7.7.1,1,1
2026-09-13,mobile,iOS,or_search_adv,,,HK.AdvSearch.SR1.22,,HK.AdvSearch.SR1.22,Advance,7.9.6,1,1
2026-09-13,mobile,iOS,user_photo_info,,,HK.SR2.Reel.photo.29113218,,HK.SR2.Reel.photo.29113218,Reel,7.9.0,1,1
2026-09-13,mobile,Android,view_SR1_Promotion,,,HK.Nearby.SR1.7,,HK.Nearby.SR1.7,,7.6.0,1,1
2026-09-13,mobile,iOS,or_poi_doorPhoto,,,HK.SR2.Overview.820504,,HK.SR2.Overview.820504,Others,7.12.3,1,1
2026-09-13,mobile,iOS,or_poi_get_photos,,,HK.SR2.Overview.1127468,,HK.SR2.Overview.1127468,sr2allphoto,7.9.5,1,1
2026-09-13,mobile,iOS,or_poi_popularDish,,,HK.SR2.photo.662441,,HK.SR2.photo.662441,sr2PhotoTab,7.6.6,2,1
2026-09-13,mobile,iOS,or_poi_popularDish,,,HK.SR2.photo.all.742186,,HK.SR2.photo.all.742186,sr2PhotoTab,7.16.1,1,1
2026-09-13,mobile,iOS,or_poi_get_menu,,,HK.SR2.Reel.photo.28099604,,HK.SR2.photo.menu.897634,,7.10.2,1,1
2026-09-13,mobile,Android,or_takeaway_order,,,HK.SR2.overview.802015,,,sr2Tab,7.18.1,2,1
2026-09-13,mobile,iOS,or_poi_get_photos,,,HK.SR2.photo.796764,,HK.SR2.photo.796764,,7.6.6,2,1
2026-09-13,mobile,iOS,or_poi_popularDish_detail,,,HK.SR2.photo.popularDish.758274,,HK.SR2.photo.popularDish.758274,,7.14.2,1,1
2026-09-13,mobile,iOS,or_search_back_dialog,,,HK.SR2.Overview.696332,,HK.SR2.Overview.696332,,7.4.2,1,1
2026-09-13,mobile,iOS,user_share_poi,,,HK.SR2.Overview.190869,,,sr2sharepop,7.17.2,1,1
2026-09-13,mobile,iOS,or_poi_get_photos_others,,,HK.SR2.Reel.photo.25072341,,HK.SR2.photo.menu.658748,sr2PhotoTab,7.14.4,1,1
2026-09-13,mobile,iOS,or_poi_get_photos_video,,,HK.SR2.photo.food.834498,,HK.SR2.photo.food.834498,sr2PhotoTab,7.11.1,1,1
2026-09-13,mobile,iOS,or_poi_map,,,HK.SR2.Overview.707641,,HK.SR2.Overview.707641,,7.14.3,1,1
2026-09-13,mobile,iOS,or_poi_get_photos,,,HK.SR2.photo.760592,,,,7.3.1,2,1
2026-09-13,mobile,iOS,or_qcksearch,,,HK.Chart.Preview.Popular,,,Index,7.10.3,1,1
2026-09-13,mobile,iOS,or_poi_get_photos,,,HK.SR2.Overview.16543,,HK.SR2.Overview.16543,sr2allphoto,7.10.3,1,1
2026-09-13,mobile,iOS,or_search_quick,,,HK.SR1.Reel.photo.8990404,,HK.SR1.Reel.photo.8990404,search_key_in,7.8.1,2,1
2026-09-13,mobile,Android,or_search_quick,,,HK.LMS2.35215.tab.-990.1,,hk.Home,lmsSr1,7.18.1,1,1
2026-09-13,mobile,iOS,poi_emenu_photo,,,HK.SR2.Menu.809498,,HK.SR2.Menu.809498,,7.9.6,1,1
2026-09-13,mobile,iOS,or_search_back_dialog,,,HK.voucher.399721,,HK.voucher.399721,,7.9.6,1,1
2026-09-13,mobile,iOS,or_search_back_dialog,,,HK.SR2.Overview.155296,,HK.SR2.Overview.155296,,7.9.6,1,1
2026-09-13,mobile,iOS,or_search_offer,,,HK.Photo.SR1.1,,HK.Photo.SR1.1,sr1,7.9.0,1,1
2026-09-13,mobile,iOS,user_photo_info,,,HK.SR2.Reel.photo.29250227,,HK.SR2.Reel.photo.29250227,Reel,7.17.1,1,1
2026-09-13,mobile,iOS,app_update,,,,,,,7.16.1,1,1
2026-09-13,mobile,iOS,user_bookmark_poi,,,HK.TM.success.1146456,,,Booking,7.13.0,1,1
2026-09-13,mobile,iOS,or_poi_doorPhoto,,,HK.SR2.Overview.1029802,,HK.SR2.Overview.1029802,Others,7.14.4,1,1
2026-09-13,mobile,iOS,user_bookmark_poi,,,HK.TM.success.606596,,,Booking,7.6.2,1,1
2026-09-13,mobile,iOS,or_poi_moreinfo,,,HK.SR2.Overview.840755,,HK.SR2.Overview.840755,sr2MoreInfo,7.9.5,2,1
2026-09-13,mobile,Android,or_poi_review_ok,,,HK.SR2.review.cry.39293,,,sr2reviewTab,7.14.4,1,1
2026-09-13,mobile,iOS,or_takeaway_order,,,HK.Takeaway.order.518493,,HK.Takeaway.order.518493,sr2Tab,7.16.1,1,1
2026-09-13,mobile,iOS,or_search_all_location,,,HK.Search.SR1.2,,HK.Search.SR1.2,,7.17.2,1,1
2026-09-13,mobile,iOS,poi_emenu_photo,,,HK.SR2.photo.menu.1100050,,HK.SR2.photo.menu.1100050,,7.13.2,1,1
2026-09-13,mobile,iOS,or_takeaway_order,,,HK.Takeaway.order.781986,,HK.Takeaway.order.781986,sr1,7.17.2,1,1
2026-09-13,mobile,Android,app_remove,,,,,,,7.10.3,2,2
2026-09-13,mobile,iOS,or_poi_moreinfo,,,HK.SR2.Overview.867816,,HK.SR2.Overview.867816,sr2MoreInfo,7.9.6,1,1
2026-09-13,mobile,iOS,or_search_back_dialog,,,HK.SR2.Overview.794773,,HK.SR2.Overview.794773,,7.7.1,1,1
2026-09-13,mobile,iOS,or_explore_reel,,,HK.SR2.Reel.photo.29343453,,HK.SR2.Reel.photo.29343453,sr2,7.4.4,1,1
2026-09-13,mobile,iOS,or_poi_map,,,HK.SR2.Overview.582286,,,,7.3.5,1,1
2026-09-13,mobile,iOS,or_poi_suggest_poi,,,HK.SR2.Overview.690230,,,,7.15.0,3,1
2026-09-13,mobile,iOS,or_poi_map,,,HK.SR2.Overview.789493,,HK.SR2.Overview.789493,,7.14.3,1,1
2026-09-13,mobile,iOS,or_search_back_dialog,,,HK.SR2.Overview.873059,,HK.SR2.Overview.873059,,7.13.3,1,1
2026-09-13,mobile,iOS,or_search_back_dialog,,,HK.SR2.Overview.681184,,HK.SR2.Overview.681184,,7.10.2,1,1
2026-09-13,mobile,iOS,user_photo_info,,,HK.SR2.Reel.photo.27246093,,HK.SR2.Reel.photo.27246093,Reel,7.17.2,1,1
2026-09-13,mobile,iOS,or_poi_review_back,,,HK.SR2.review.1030033,,HK.SR2.review.1030033,,7.14.4,1,1
2026-09-13,mobile,iOS,or_search_get_poi,,,HK.SR1.Reel.photo.22406517,,,sr1,7.11.1,1,1
2026-09-13,mobile,Android,or_search_adv,,,HK.AdvSearch.SR1.6,,,Advance,6.3.5,2,1
2026-09-13,mobile,Android,view_SR1_Promotion,,,HK.QckSearch.SR1.3,,HK.QckSearch.SR1.3,,7.6.3,1,1
2026-09-13,mobile,iOS,or_chart_bookmarked_preview,,,JP.Home,,JP.Home,ChartBookmarkPreview,7.9.5,1,1
2026-09-13,mobile,iOS,or_search_back_dialog,,,HK.SR2.Overview.882576,,HK.SR2.Overview.882576,,7.7.1,2,1
2026-09-13,mobile,Android,or_takeaway_order,,,HK.SR2.overview.620697,,,sr2Tab,7.17.0,1,1
2026-09-13,mobile,Android,app_remove,,,,,,,6.3.1,1,1
2026-09-13,mobile,iOS,or_poi_moreinfo,,,HK.SR2.Overview.722326,,HK.SR2.Overview.722326,sr2MoreInfo,7.14.4,1,1
2026-09-13,mobile,iOS,or_poi_doorPhoto,,,HK.SR2.Overview.994488,,HK.SR2.Overview.994488,Others,7.14.4,1,1
2026-09-13,mobile,iOS,or_poi_popularDish,,,HK.SR2.Overview.773711,,HK.SR2.Overview.773711,sr2popular,7.11.1,1,1
2026-09-13,mobile,iOS,user_like_photo,,,HK.SR2.Reel.photo.19063252,,HK.SR2.Reel.photo.19063252,Reel,7.15.0,1,1
2026-09-13,mobile,iOS,or_takeaway_order,,,HK.Takeaway.order.574374,,HK.Takeaway.order.574374,sr2OV,7.6.5,1,1
2026-09-13,mobile,iOS,user_enter_profile,,,,,,btmBar,7.14.3,4,4
2026-09-13,mobile,iOS,or_search_back_dialog,,,HK.SR2.Overview.786532,,HK.SR2.Overview.786532,,7.14.4,1,1
2026-09-13,mobile,iOS,or_poi_get_photos,,,HK.SR2.photo.1139841,,HK.SR2.photo.1139841,,7.7.1,2,1
2026-09-13,mobile,Android,or_tm_menu_offer_list,,,HK.SR2.overview.187493,,,sr1,7.16.1,1,1
2026-09-13,mobile,iOS,or_poi_popularDish,,,HK.SR2.photo.food.820968,,HK.SR2.photo.food.820968,sr2PhotoTab,7.14.4,1,1
2026-09-13,mobile,iOS,or_explore,,,HK.SR2.Menu.689831,,HK.SR2.Menu.689831,,7.4.3,1,1
2026-09-13,mobile,iOS,or_sr2_reel_media,,,HK.SR2.Reel.media.31555,,HK.SR2.Reel.media.31555,all,7.14.4,1,1
2026-09-13,mobile,iOS,or_poi_doorPhoto,,,HK.SR2.Overview.1001605,,HK.SR2.Overview.1001605,Others,7.9.5,1,1
2026-09-13,mobile,iOS,or_poi_popularDish,,,HK.SR2.Overview.848070,,HK.SR2.Overview.848070,sr2popular,7.11.1,1,1
2026-09-13,mobile,iOS,or_poi_popularDish,,,HK.SR2.Overview.1029928,,HK.SR2.Overview.1029928,sr2popular,7.9.6,1,1
2026-09-13,mobile,iOS,os_update,,,,,,,7.16.2,5,5
2026-09-13,mobile,iOS,or_poi_moreinfo,,,HK.SR2.Overview.807826,,HK.SR2.Overview.807826,sr2opening,7.14.4,1,1
2026-09-13,mobile,iOS,impression_photo,,,HK.Photo.SR1.Reel.media.15840,,hk.photo.SR1.2,PhotoSR1,7.12.0,1,1
2026-09-13,mobile,iOS,view_overview_Promotion,,,HK.SR2.Overview.1132687,,,,7.2.1,1,1
2026-09-13,mobile,iOS,user_share_poi,,,HK.SR2.Overview.661439,,,sr2sharepop,7.15.0,1,1
2026-09-13,mobile,iOS,or_search_back_dialog,,,HK.SR2.Overview.826574,,HK.SR2.Overview.826574,,7.9.2,2,1
2026-09-13,mobile,iOS,or_search_adv,,,HK.AdvSearch.SR1.11,,HK.AdvSearch.SR1.11,Advance,7.6.1,1,1
2026-09-13,mobile,iOS,or_poi_get_photos,,,HK.SR2.photo.1138491,,HK.SR2.photo.1138491,,7.6.1,2,1
2026-09-13,mobile,iOS,or_search_get_poi,,,HK.Search.SR1.17,,,sr1,7.14.4,2,2
2026-09-13,mobile,iOS,or_poi_get_photos,,,HK.SR2.Overview.882252,,,sr2allphoto,7.3.5,1,1
2026-09-13,mobile,iOS,or_takeaway_order,,,HK.Takeaway.order.862006,,HK.Takeaway.order.862006,sr2Tab,7.9.2,1,1
2026-09-13,mobile,iOS,or_search_adv,,,HK.Photo.SR1.1,,HK.AdvSearch,qcksearch,7.17.2,1,1
2026-09-13,mobile,iOS,or_poi_get_photos,,,HK.SR2.Overview.870975,,HK.SR2.Overview.870975,sr2allphoto,7.9.2,1,1
2026-09-13,mobile,iOS,or_explore,,,HK.SR2.photo.food.20843,,HK.SR2.photo.food.20843,,7.4.4,1,1
2026-09-13,mobile,iOS,or_poi_get_menu,,,HK.SR2.photo.decor.833481,,HK.SR2.photo.decor.833481,sr2PhotoTab,7.7.0,1,1
2026-09-13,mobile,Android,or_takeaway_order,,,HK.SR2.overview.483563,,,sr2Tab,7.14.0,2,1
2026-09-13,mobile,iOS,or_tm_book,,,HK.SR2.Overview.1118453,,HK.SR2.Overview.1118453,sr2Picker,7.5.1,1,1
2026-09-13,mobile,iOS,or_poi_phone,,,HK.SR2.Overview.780065,,,sr2info,7.4.2,1,1
2026-09-13,mobile,iOS,or_poi_get_photos,,,HK.SR2.Reel.photo.23390564,,HK.SR2.photo.7348,,7.8.1,1,1
2026-09-13,mobile,iOS,or_search_get_poi,,,HK.AdvSearch.SR1.6,,,sr1,7.5.1,2,1
2026-09-13,mobile,iOS,or_poi_get_menu,,,HK.SR2.photo.decor.1134450,,HK.SR2.photo.decor.1134450,sr2PhotoTab,7.9.5,1,1
2026-09-13,mobile,iOS,or_search_quick,,,HK.Search.SR1.1,,HK.Search.SR1.1,,7.14.1,1,1
2026-09-13,mobile,iOS,or_poi_popularDish,,,HK.SR2.Overview.852706,,HK.SR2.Overview.852706,sr2popular,7.14.3,1,1
2026-09-13,mobile,iOS,or_poi_map,,,HK.SR2.Overview.741731,,HK.SR2.Overview.741731,,7.6.5,1,1
2026-09-13,mobile,iOS,os_update,,,HK.Home,,,,6.3.4,1,1
2026-09-13,mobile,iOS,user_bookmark_poi,,,HK.SR2.Overview.10618,,,sr2,7.1.1,1,1
2026-09-13,mobile,iOS,or_shortlist_get_poi,,,HK.SR2.Reel.photo.29427513,,HK.SR2.photo.menu.688339,,7.17.2,1,1
2026-09-13,mobile,iOS,or_poi_review_back,,,HK.SR2.review.505518,,HK.SR2.review.505518,,7.6.2,1,1
2026-09-13,mobile,iOS,poi_emenu_photo,,,HK.SR2.photo.menu.720798,,HK.SR2.photo.menu.720798,,7.14.4,4,1
2026-09-13,mobile,iOS,or_poi_get_photos,,,HK.SR2.photo.all.541791,,HK.SR2.photo.all.541791,,7.10.3,2,1
2026-09-13,mobile,iOS,or_poi_get_photos,,,HK.SR2.Overview.19160,,HK.SR2.Overview.19160,sr2allphoto,7.9.5,1,1
2026-09-13,mobile,iOS,or_poi_map_copy,,,HK.SR2.Map.657573,,,,7.12.0,1,1
2026-09-13,mobile,iOS,or_poi_popularDish,,,HK.SR2.Overview.616992,,HK.SR2.Overview.616992,sr2popular,7.17.2,1,1
2026-09-13,mobile,iOS,or_sr1_reel_media,,,HK.SR1.Reel.photo.14243146,,HK.SR1.Reel.photo.14243146,Reel,7.8.0,1,1
2026-09-13,mobile,iOS,or_search_get_poi,,,HK.Offer.SR1.2,,,sr1,7.3.5,5,2
2026-09-13,mobile,iOS,poi_emenu_photo,,,HK.SR2.photo.menu.2665,,HK.SR2.photo.menu.2665,,7.14.3,1,1
2026-09-13,mobile,iOS,or_poi_review_smile,,,HK.SR2.review.1140818,,HK.SR2.review.1140818,sr2reviewTab,7.5.3,1,1
2026-09-13,mobile,iOS,or_poi_get_menu,,,HK.SR2.photo.667443,,HK.SR2.photo.667443,sr2PhotoTab,7.7.1,2,1
2026-09-13,mobile,iOS,or_explore_reel,,,HK.SR2.Reel.photo.26530428,,HK.SR2.Reel.photo.26530428,sr2,7.4.3,1,1
2026-09-13,mobile,iOS,user_like_photo,,,HK..Reel.photo.29254859,,HK..Reel.photo.29254859,Reel,7.5.4,1,1
2026-09-13,mobile,iOS,or_search_offer,,,HK.Offer.SR1.43,,HK.Offer.SR1.43,sr1,7.13.3,1,1
2026-09-13,mobile,iOS,or_poi_popularDish,,,HK.SR2.Reel.photo.20429067,,HK.SR2.photo.food.760100,sr2PhotoTab,7.16.1,1,1
2026-09-13,mobile,iOS,or_poi_moreinfo,,,HK.SR2.Overview.991194,,HK.SR2.Overview.991194,sr2opening,7.6.2,1,1
2026-09-13,mobile,iOS,or_poi_review_back,,,HK.SR2.review.891747,,HK.SR2.review.891747,,7.15.0,2,1
2026-09-13,mobile,iOS,or_poi_get_menu,,,HK.SR2.Reel.photo.27254861,,HK.SR2.Reel.photo.27254861,,7.9.1,1,1
2026-09-13,mobile,iOS,or_search_get_poi,,,HK.LMS2Lite.4.tab.-990.2,,HK.LMS2Lite.4.tab.-990.2,sr1,7.17.1,1,1
2026-09-13,mobile,iOS,or_tm_menu_offer_detail,,,HK.SR2.Overview.762371,,HK.SR2.Overview.762371,,7.14.4,1,1
2026-09-13,mobile,iOS,or_search_back_dialog,,,HK.SR2.Overview.441009,,HK.SR2.Overview.441009,,7.11.1,1,1
2026-09-13,mobile,iOS,or_poi_review_editorChoice,,,HK.SR2.review.smile.665098,,HK.SR2.review.smile.665098,sr2reviewTab,7.10.3,1,1
2026-09-13,mobile,Android,or_explore_reel_media,,,HK.Explore.Reel.Media.54393,,HK.Explore.Reel.Media.54393,Explore,7.17.0,1,1
2026-09-13,mobile,iOS,or_poi_get_menu,,,HK.SR2.Overview.796764,,HK.SR2.Overview.796764,sr2Tab,7.9.5,1,1
2026-09-13,mobile,iOS,or_search_back_dialog,,,HK.SR2.Overview.654526,,HK.SR2.Overview.654526,,7.10.3,1,1
2026-09-13,mobile,Android,or_search_result_map,,,HK.Search.SR1.1,,HK.Search.SR1.1,Advance,7.13.0,1,1
2026-09-13,mobile,Android,or_search_adv,,,HK.Search.SR1.2,,hk.AdvSearch,,7.18.1,1,1
2026-09-13,mobile,iOS,user_report_photo,,,HK.SR2.Reel.photo.20451809,,HK.SR2.Reel.photo.20451809,Reel,7.14.4,1,1
2026-09-13,mobile,iOS,or_poi_get_photos_video,,,HK.SR2.Overview.888770,,HK.SR2.Overview.888770,sr2PhotoTab,7.11.1,1,1
2026-09-13,mobile,iOS,or_search_back_dialog,,,HK.SR2.Overview.759060,,HK.SR2.Overview.759060,,7.10.3,1,1
2026-09-13,mobile,iOS,or_takeaway_order,,,HK.Takeaway.order.564474,,HK.Takeaway.order.564474,menu,7.9.1,1,1
2026-09-13,mobile,iOS,or_buffet_getlist,,,HK.Home,,HK.Home,Index,7.8.0,1,1
2026-09-13,mobile,iOS,or_search_back_dialog,,,HK.SR2.Overview.994439,,HK.SR2.Overview.994439,,7.17.2,2,1
2026-09-13,mobile,iOS,or_poi_get_photos,,,HK.SR2.Reel.photo.29021194,,HK.SR2.photo.all.874115,,7.10.2,1,1
2026-09-13,mobile,iOS,or_chart_dessert,,,HK.Chart.Popular,,HK.Chart.Popular,ChartDessert,7.11.1,1,1
2026-09-13,mobile,iOS,user_photo_info,,,HK.SR2.Reel.photo.29366435,,HK.SR2.Reel.photo.29366435,Reel,7.16.1,1,1
2026-09-13,mobile,iOS,or_search_back_dialog,,,HK.SR2.Overview.1115423,,HK.SR2.Overview.1115423,,7.9.2,1,1
2026-09-13,mobile,iOS,or_poi_get_photos,,,HK.SR2.Overview.433180,,HK.SR2.Overview.433180,sr2photo,7.9.6,1,1
2026-09-13,mobile,iOS,user_myor,,,HK.Me,,,btmBar,7.5.2,1,1
2026-09-13,mobile,iOS,or_search_offer,,,HK.Offer.SR1.24,,HK.Offer.SR1.24,sr1,7.14.3,1,1
2026-09-13,mobile,iOS,poi_emenu_photo,,,HK.SR2.photo.menu.734292,,HK.SR2.photo.menu.734292,,7.14.3,3,1
2026-09-13,mobile,iOS,or_search_back_dialog,,,HK.SR2.Overview.795447,,HK.SR2.Overview.795447,,7.16.1,1,1
2026-09-13,mobile,iOS,or_poi_map_nearby,,,HK.SR2.Map.15438,,,,7.9.5,1,1
2026-09-13,mobile,Android,or_takeaway_order,,,HK.SR2.overview.645632,,,sr2Tab,7.12.3,2,1
2026-09-13,mobile,iOS,or_poi_popularDish,,,HK.SR2.Overview.447081,,,sr2popular,7.3.1,1,1
2026-09-13,mobile,iOS,voucher_detail,,,HK.SR2.Overview.647145,,HK.SR2.Overview.647145,sr1,7.14.4,1,1
2026-09-13,mobile,iOS,or_search_layer_search,,,MO.search.layer,,MO.search.layer,qcksearch,7.12.1,1,1
2026-09-13,mobile,iOS,user_bookmark_poi,,,HK.SR2.Overview.14149,,,screenCap,7.9.2,1,1
2026-09-13,mobile,iOS,or_poi_popularDish,,,HK.SR2.Overview.712728,,HK.SR2.Overview.712728,sr2popular,7.11.1,1,1
2026-09-13,mobile,iOS,or_poi_get_photos,,,HK.SR2.Overview.698596,,,sr2photo,7.3.1,1,1
2026-09-13,mobile,iOS,or_search_back_dialog,,,HK.SR2.Overview.42060,,HK.SR2.Overview.42060,,7.17.2,1,1
2026-09-13,mobile,iOS,or_takeaway_order,,,HK.Takeaway.order.9942,,HK.Takeaway.order.9942,sr2Tab,7.13.3,1,1
2026-09-13,mobile,iOS,or_poi_review_back,,,HK.SR2.review.771711,,HK.SR2.review.771711,,7.9.5,1,1
2026-09-13,mobile,iOS,or_poi_moreinfo,,,HK.SR2.Overview.543570,,HK.SR2.Overview.543570,sr2MoreInfo,7.17.2,1,1
2026-09-13,mobile,iOS,or_poi_get_menu,,,HK.SR2.Overview.807166,,,sr2Tab,7.3.5,1,1
2026-09-13,mobile,iOS,or_search_back_dialog,,,HK.SR2.Overview.548692,,HK.SR2.Overview.548692,,7.11.0,1,1
2026-09-13,mobile,Android,or_poi_get_photos,,,HK.SR2.photo.682275,,HK.SR2.media.others.682275,sr2photoTab,7.9.6,1,1
2026-09-13,mobile,Android,or_search_quick,,,HK.Search.SR1.4,,hk.Search.SR1.1,,7.18.1,1,1
2026-09-13,mobile,iOS,or_poi_doorPhoto,,,HK.SR2.Overview.681247,,HK.SR2.Overview.681247,Others,7.16.0,1,1
2026-09-13,mobile,iOS,or_search_back_dialog,,,HK.SR2.Overview.464818,,HK.SR2.Overview.464818,,7.4.2,1,1
2026-09-13,mobile,iOS,or_poi_get_menu,,,HK.SR2.Overview.496739,,HK.SR2.Overview.496739,sr2Tab,7.9.5,1,1
2026-09-13,mobile,iOS,user_photo_info,,,HK.SR2.Reel.photo.29275727,,HK.SR2.Reel.photo.29275727,Reel,7.11.1,1,1
2026-09-13,mobile,Android,or_poi_get_menu,,,HK.SR2.Menu.50772,,HK.SR2.Menu.50772,sr2,7.8.0,8,1
2026-09-13,mobile,iOS,or_poi_get_photos,,,HK.SR2.photo.1111600,,HK.SR2.photo.1111600,,7.9.5,3,1
2026-09-13,mobile,iOS,or_poi_get_photos,,,HK.SR2.Overview.3283,,HK.SR2.Overview.3283,sr2allphoto,7.9.2,1,1
2026-09-13,mobile,iOS,or_poi_get_photos,,,HK.SR2.Overview.897860,,HK.SR2.Overview.897860,sr2allphoto,7.6.6,1,1
2026-09-13,mobile,iOS,or_poi_get_photos,,,HK.SR2.Overview.797396,,HK.SR2.Overview.797396,sr2allphoto,7.9.6,1,1
2026-09-13,mobile,iOS,or_search_back_dialog,,,HK.SR2.Overview.895236,,HK.SR2.Overview.895236,,7.15.0,1,1
2026-09-13,mobile,iOS,or_search_offer,,,HK.Offer.SR1.16,,HK.Offer.SR1.16,qcksearch,7.11.1,1,1
2026-09-13,mobile,iOS,or_sr2_reel_media,,,HK.SR2.Reel.photo.29492029,,HK.SR2.Reel.photo.29492029,all,7.17.2,1,1
2026-09-13,mobile,iOS,or_search_back_dialog,,,HK.SR2.Overview.1122137,,HK.SR2.Overview.1122137,,7.14.4,1,1
2026-09-13,mobile,iOS,or_poi_review_back,,,HK.SR2.review.757964,,HK.SR2.review.757964,,7.8.0,1,1
2026-09-13,mobile,iOS,or_takeaway_checkout,,,HK.Takeaway.order.890945,,HK.Takeaway.order.890945,menu,7.15.0,1,1
2026-09-13,mobile,Android,or_search_quick,,,HK.LMS2Lite.110.tab.-990.3,,hk.Home,lmsSr1,7.18.1,1,1
2026-09-13,mobile,iOS,or_poi_popularDish,,,HK.SR2.Overview.478663,,HK.SR2.Overview.478663,sr2popular,7.14.0,1,1
2026-09-13,mobile,iOS,or_sr1_reel_media,,,HK.Explore.4,,hk.Photo.SR1.4,,7.14.1,1,1
2026-09-13,mobile,iOS,or_search_back_dialog,,,HK.SR2.Overview.619692,,HK.SR2.Overview.619692,,7.14.4,1,1
2026-09-13,mobile,iOS,or_poi_phone,,,HK.SR2.Overview.75474,,,sr2basic,7.9.5,1,1
2026-09-13,mobile,iOS,or_poi_get_photos,,,HK.SR2.Overview.1130068,,,sr2photo,7.3.5,1,1
2026-09-13,mobile,iOS,or_search_layer_tips,,,HK.search.layer,,HK.search.layer,,7.12.3,96,63
2026-09-13,mobile,iOS,or_poi_get_menu,,,HK.SR2.Overview.614877,,HK.SR2.Overview.614877,sr2Tab,7.6.5,2,1
2026-09-13,mobile,iOS,or_poi_get_photos,,,HK.SR2.Overview.1129984,,HK.SR2.Overview.1129984,sr2allphoto,7.9.5,1,1
2026-09-13,mobile,iOS,or_explore_reel,,,HK.SR2.Reel.photo.29057292,,HK.SR2.Reel.photo.29057292,sr2,7.4.3,1,1
2026-09-13,mobile,Android,user_media_unmute,,,,,,,7.9.6,2,1
2026-09-13,mobile,iOS,or_poi_get_menu,,,HK.SR2.Overview.12817,,HK.SR2.Overview.12817,sr2Tab,7.10.3,1,1
2026-09-13,mobile,iOS,or_poi_popularDish,,,HK.SR2.photo.menu.998088,,HK.SR2.photo.menu.998088,sr2PhotoTab,7.16.1,1,1
2026-09-13,mobile,iOS,or_search_tablemap,,,HK.search.layer,,HK.Search.SR1.1,qcksearch,7.17.2,1,1
2026-09-13,mobile,iOS,or_poi_get_menu,,,HK.SR2.photo.decor.550347,,HK.SR2.photo.decor.550347,sr2PhotoTab,7.10.3,1,1
2026-09-13,mobile,iOS,or_search_get_poi,,,HK.QckSearch.SR1.25,,,sr1,7.9.0,1,1
2026-09-13,mobile,iOS,or_coupon_getdetails,,,HK.Review.6422169,,HK.Review.6422169,Others,7.9.5,1,1
2026-09-13,mobile,iOS,or_search_back_dialog,,,HK.Search.SR1.9,,HK.Search.SR1.8,,7.14.4,1,1
2026-09-13,mobile,iOS,or_search_back_dialog,,,HK.SR2.Overview.22292,,HK.SR2.Overview.22292,,7.7.1,2,1
2026-09-13,mobile,Android,user_media_fullscreen,,,HK.Sr2.Reel.photo.29102324,,HK.Sr2.Reel.photo.29102324,,7.16.0,1,1
2026-09-13,mobile,iOS,or_bookmark_get_poi,,,HK.MyBookmarkedPOI.11,,HK.MyBookmarkedPOI.11,mybmk,7.17.2,6,1
2026-09-13,mobile,iOS,or_poi_popularDish,,,HK.SR2.photo.video.1019433,,HK.SR2.photo.video.1019433,sr2PhotoTab,7.11.1,2,1
2026-09-13,mobile,iOS,or_search_back_dialog,,,HK.SR2.Overview.725905,,HK.SR2.Overview.725905,,7.14.4,5,4
2026-09-13,mobile,Android,or_lms2_tab_dinning,,,HK.LMS2Lite.99.tab.1274.1,,hk.LMS2Lite.99.tab.1274.1,,7.15.0,1,1
2026-09-13,mobile,iOS,or_poi_get_photos,,,HK.SR2.Overview.569869,,HK.SR2.Overview.569869,sr2allphoto,7.7.1,1,1
2026-09-13,mobile,iOS,or_search_nearby,,,HK.QckSearch.SR1.5,,,qcksearch,7.3.2,2,2
2026-09-13,mobile,iOS,or_poi_get_photos,,,HK.SR2.Overview.846671,,HK.SR2.Overview.846671,sr2allphoto,7.9.0,1,1
2026-09-13,mobile,iOS,or_poi_phone,,,HK.SR2.Overview.1121783,,,sr2info,7.1.1,1,1
2026-09-13,mobile,iOS,or_chart_bookmarked,,,HK.Photo.SR1.Reel.media.17633,,HK.Photo.SR1.Reel.media.17633,Explore,7.17.0,1,1
2026-09-13,mobile,iOS,or_search_adv,,,HK.AdvSearch.SR1.44,,HK.AdvSearch.SR1.44,Advance,7.6.1,1,1
2026-09-13,mobile,Android,view_SR1_Promotion,,,HK.Search.SR1.3,,hk.QckSearch,,7.13.0,2,2
2026-09-13,mobile,iOS,or_poi_get_photos,,,HK.SR2.Overview.567535,,HK.SR2.Overview.567535,sr2allphoto,7.6.6,1,1
2026-09-13,mobile,iOS,or_membershippoint_list,,,HK.Me,,HK.Me,MYOR,7.10.2,2,2
2026-09-13,mobile,Android,or_qcksearch,,,HK.Home,,hk.Home,,7.18.1,8,7
2026-09-13,mobile,iOS,or_poi_map,,,HK.SR2.Overview.825585,,HK.SR2.Overview.825585,,7.15.0,1,1
2026-09-13,mobile,Android,or_search_get_poi,,,HK.LMS2Lite.13.tab.-990.1,,hk.LMS2Lite.13.tab.-990.1,lmsSr1,7.16.2,2,2
2026-09-13,mobile,iOS,or_poi_get_menu,,,HK.SR2.Overview.661348,,HK.SR2.Overview.661348,sr2Tab,7.9.2,1,1
2026-09-13,mobile,iOS,or_takeaway_order,,,HK.Takeaway.order.871560,,HK.Takeaway.order.871560,sr2Tab,7.11.1,1,1
2026-09-13,mobile,iOS,or_search_adv,,,HK.AdvSearch.SR1.20,,HK.AdvSearch.SR1.20,Advance,7.6.1,1,1
2026-09-13,mobile,iOS,or_search_layer_tips,,,HK.Search.SR1.1,,HK.SR1.Reel.photo.28773943,qcksearch,7.14.4,1,1
2026-09-13,mobile,iOS,or_takeaway_order,,,HK.Takeaway.order.832893,,,sr2Tab,7.3.5,1,1
2026-09-13,mobile,iOS,or_poi_get_menu,,,HK.SR2.photo.1127601,,HK.SR2.photo.1127601,sr2PhotoTab,7.9.5,1,1
2026-09-13,mobile,iOS,or_sr1_reel_media,,,HK.Explore.2,,hk.Photo.SR1.2,,7.15.0,1,1
2026-09-13,mobile,iOS,poi_emenu_photo,,,HK.SR2.Menu.779440,,HK.SR2.Menu.779440,,7.9.6,3,1
2026-09-13,mobile,iOS,or_poi_popularDish_detail,,,HK.SR2.popularDish.list.104925,,HK.SR2.popularDish.list.104925,,7.9.5,1,1
2026-09-13,mobile,iOS,or_poi_get_menu,,,HK.SR2.Reel.photo.27733557,,HK.SR2.Reel.photo.27733557,,7.5.0,1,1
2026-09-13,mobile,iOS,or_poi_moreinfo,,,HK.SR2.Overview.899632,,HK.SR2.Overview.899632,sr2MoreInfo,7.7.0,1,1
2026-09-13,mobile,iOS,poi_emenu_photo,,,HK.SR2.photo.menu.680620,,HK.SR2.photo.menu.680620,,7.11.1,1,1
2026-09-13,mobile,iOS,or_myor_bkmPOI,,,HK.recsys.SR1.poi.2,,HK.recsys.SR1.poi.2,btmBar,7.4.2,1,1
2026-09-13,mobile,iOS,or_poi_doorPhoto,,,HK.SR2.Overview.867112,,HK.SR2.Overview.867112,Others,7.6.3,2,1
2026-09-13,mobile,Android,or_poi_phone,,,HK.SR2.overview.652146,,,sr2basic,7.14.2,1,1
2026-09-13,mobile,iOS,or_takeaway_order,,,HK.Takeaway.order.742580,,HK.Takeaway.order.742580,sr2Tab,7.9.5,1,1
2026-09-13,mobile,iOS,or_job_detail,,,HK.corpjobs.4550.1,,,corpJobs,7.11.0,1,1
2026-09-13,mobile,iOS,myor_search_bkmPOI,,,HK.Me,,HK.Me,btmBar,7.14.4,6,6
2026-09-13,mobile,iOS,user_enter_profile,,,HK.SR2.photo.149893,,,sr2photo,7.3.1,1,1
2026-09-13,mobile,iOS,or_poi_popularDish,,,HK.Home,,HK.Home,sr2popular,7.6.6,1,1
2026-09-13,mobile,iOS,or_poi_popularDish,,,HK.SR2.Reel.media.34703,,HK.SR2.photo.video.801117,sr2PhotoTab,7.14.1,1,1
2026-09-13,mobile,iOS,or_poi_coupon,,,HK.SR2.Overview.783709,,,sr2OV,7.10.2,2,1
2026-09-13,mobile,iOS,or_explore_reel_media,,,HK.SR2.photo.menu.696332,,hk..1,,7.15.0,1,1
2026-09-13,mobile,iOS,or_search_back,,,HK.QckSearch.SR1.3,,HK.QckSearch.SR1.3,,7.9.2,8,7
2026-09-13,mobile,iOS,poi_emenu_photo,,,HK.SR2.photo.menu.816782,,HK.SR2.photo.menu.816782,,7.16.0,7,1
2026-09-13,mobile,iOS,or_search_back_dialog,,,HK.SR2.Overview.1148596,,HK.SR2.Overview.1148596,,7.11.1,1,1
2026-09-13,mobile,iOS,or_poi_popularDish_detail,,,HK.SR2.photo.popularDish.546864,,HK.SR2.photo.popularDish.546864,,7.16.1,1,1
2026-09-13,mobile,iOS,or_poi_popularDish,,,HK.Takeaway.order.557164,,HK.Takeaway.order.557164,sr2popular,7.16.1,1,1
2026-09-13,mobile,iOS,or_sr1_reel_media,,,HK.Search.SR1.1,,hk.SR1.2,,7.17.2,1,1
2026-09-13,mobile,iOS,or_search_back_dialog,,,HK.SR2.Overview.20630,,HK.SR2.Overview.20630,,7.10.3,1,1
2026-09-13,mobile,iOS,or_search_layer,,,.Search.SR1.1,,.Search.SR1.1,,7.12.1,1,1
2026-09-13,mobile,Android,or_search_nearby,,,HK.Nearby.SR1.1,,hk.QckSearch,,7.18.1,5,5
2026-09-13,mobile,iOS,or_poi_popularDish,,,HK.SR2.Overview.30697,,HK.SR2.Overview.30697,sr2popular,7.10.3,1,1
2026-09-13,mobile,Android,or_poi_popularDish,,,HK.SR2.photo.popularDish.711889,,HK.SR2.photo.popularDish.711889,sr2,7.15.0,3,1
2026-09-13,mobile,iOS,or_poi_get_menu,,,HK.SR2.photo.570114,,HK.SR2.photo.570114,sr2PhotoTab,7.9.5,1,1
2026-09-13,mobile,iOS,user_bookmark_poi,,,HK.TM.success.796729,,,Booking,7.9.2,1,1
2026-09-13,mobile,iOS,user_bookmark_poi,,,HK.SR2.Overview.530402,,,screenCap,7.9.5,1,1
2026-09-13,mobile,iOS,or_explore_reel,,,HK.SR2.photo.decor.717706,,HK.SR2.photo.decor.717706,sr2,7.4.4,8,1
2026-09-13,mobile,iOS,or_search_back_dialog,,,HK.AdvSearch,,HK.AdvSearch,,7.4.2,1,1
2026-09-13,mobile,iOS,or_poi_get_photos,,,HK.SR2.Overview.137317,,HK.SR2.Overview.137317,sr2allphoto,7.10.2,1,1
2026-09-13,mobile,iOS,user_like_photo,,,HK.SR2.Reel.photo.29083869,,HK.SR2.Reel.photo.29083869,Reel,7.14.1,1,1
2026-09-13,mobile,iOS,or_poi_doorPhoto,,,HK.SR2.Overview.1120209,,HK.SR2.Overview.1120209,Others,7.11.1,1,1
2026-09-13,mobile,iOS,or_chart_dessert_preview,,,HK.Chart.Preview.Bookmarked,,HK.Chart.Preview.Bookmarked,ChartDessertPreview,7.10.3,2,1
2026-09-13,mobile,iOS,or_tm_book,,,HK.SR2.Overview.996824,,,,7.3.5,2,1
2026-09-13,mobile,iOS,or_tm_menu_offer_list,,,HK.Search.SR1.2,,HK.Search.SR1.2,sr1,7.15.0,1,1
2026-09-13,mobile,iOS,or_poi_moreinfo,,,HK.SR2.Overview.745968,,HK.SR2.Overview.745968,sr2MoreInfo,7.9.5,1,1
2026-09-13,mobile,iOS,or_poi_get_photos,,,HK.SR2.Overview.554159,,HK.SR2.Overview.554159,sr2photo,7.10.3,1,1
2026-09-13,mobile,iOS,or_poi_popularDish,,,HK.SR2.Overview.50165,,HK.SR2.Overview.50165,sr2popular,7.9.5,1,1
2026-09-13,mobile,iOS,user_myor,,,HK.Home,,,btmBar,7.7.1,9,6
2026-09-13,mobile,iOS,user_bookmark_poi,,,HK.Takeaway.payment.617183,,,Booking,7.12.3,1,1
2026-09-13,mobile,iOS,or_poi_get_photos,,,HK.SR2.Overview.637965,,HK.SR2.Overview.637965,sr2allphoto,7.6.6,1,1
2026-09-13,mobile,iOS,or_search_layer_tips,,,HK.SR1.Reel.photo.23067022,,HK.SR1.Reel.photo.23067022,qcksearch,7.12.3,1,1
2026-09-13,mobile,Android,or_search_back,,,HK.QckSearch.SR1.3,,HK.QckSearch.SR1.3,SR1,7.8.1,1,1
2026-09-13,mobile,iOS,or_poi_get_menu,,,HK.SR2.Menu.667443,,HK.SR2.Menu.667443,,7.7.1,1,1
2026-09-13,mobile,iOS,user_pwd_new,,,HK.login,,,,7.15.0,1,1
2026-09-13,mobile,iOS,or_search_back,,,HK.Search.SR1.4,,HK.Search.SR1.4,,7.14.4,4,4
2026-09-13,mobile,iOS,or_poi_suggest_poi,,,HK.SR2.Overview.515728,,,,7.6.6,1,1
2026-09-13,mobile,iOS,or_search_layer_tips,,,HK.SR1.Reel.photo.29268232,,HK.SR1.Reel.photo.29268232,qcksearch,7.13.0,1,1
2026-09-13,mobile,iOS,or_poi_doorPhoto,,,HK.SR2.Overview.784924,,HK.SR2.Overview.784924,Others,7.5.4,1,1
2026-09-13,mobile,iOS,or_poi_get_photos_video,,,HK.SR2.Overview.1126699,,HK.SR2.Overview.1126699,sr2PhotoTab,7.9.0,1,1
2026-09-13,mobile,iOS,or_search_back_dialog,,,HK.SR2.Overview.1107939,,HK.SR2.Overview.1107939,,7.6.5,1,1
2026-09-13,mobile,iOS,or_search_get_poi,,,HK.SR1.Reel.photo.14039283,,HK.SR1.Reel.photo.14039283,sr1,7.17.0,1,1
2026-09-13,mobile,iOS,or_poi_get_photos,,,HK.SR2.Overview.520558,,HK.SR2.Overview.520558,sr2allphoto,7.9.6,1,1
2026-09-13,mobile,iOS,or_poi_popularDish,,,HK.SR2.Overview.802931,,HK.SR2.Overview.802931,sr2popular,7.6.5,1,1
2026-09-13,mobile,iOS,or_tm_book,,,HK.SR2.Overview.735164,,HK.SR2.Overview.735164,sr2Picker,7.10.0,1,1
2026-09-13,mobile,Android,or_search_quick,,,HK.Search.SR1.6,,hk.Offer.SR1.1,OfferSR1,7.16.1,2,1
2026-09-13,mobile,iOS,or_poi_get_menu,,,HK.SR2.Reel.photo.13472274,,HK.SR2.Menu.660034,,7.9.2,1,1
2026-09-13,mobile,iOS,or_poi_get_photos,,,HK.SR2.Overview.618146,,HK.SR2.Overview.618146,sr2allphoto,7.10.3,1,1
2026-09-13,mobile,iOS,or_coupon_getdetails,,,HK.SR2.Overview.728894,,HK.SR2.Overview.728894,sr2OV,7.6.1,1,1
2026-09-13,mobile,iOS,or_poi_popularDish_detail,,,HK.SR2.photo.popularDish.850796,,HK.SR2.photo.popularDish.850796,,7.17.2,10,1
2026-09-13,mobile,iOS,or_takeaway_order,,,HK.Takeaway.order.1107104,,HK.Takeaway.order.1107104,sr2OV,7.10.2,1,1
2026-09-13,mobile,iOS,or_search_back_dialog,,,HK.SR2.Overview.452625,,HK.SR2.Overview.452625,,7.10.3,1,1
2026-09-13,mobile,iOS,or_suggestedRestaurant_get_poi,,,HK.SR2.Reel.photo.26026760,,,sr2suggest,7.5.0,1,1
2026-09-13,mobile,iOS,or_explore_reel_media,,,HK..Reel.photo.0,,HK..Reel.photo.0,Reel,7.11.0,2,2
2026-09-13,mobile,iOS,or_poi_get_menu,,,HK.SR2.Reel.media.57372,,HK.SR2.Reel.media.57372,sr2PhotoTab,7.7.0,1,1
2026-09-13,mobile,iOS,or_poi_get_photos,,,HK.SR2.Overview.1141016,,HK.SR2.Overview.1141016,sr2allphoto,7.8.1,1,1
2026-09-13,mobile,Android,or_poi_map,,,,,,,7.10.3,7,5
2026-09-13,mobile,iOS,or_search_back_dialog,,,,,HK.QckSearch.SR1.2,,7.9.5,1,1
2026-09-13,mobile,iOS,view_overview_Promotion,,,HK.SR2.Overview.876201,,,,7.3.2,2,1
2026-09-13,mobile,iOS,or_poi_popularDish,,,HK.SR2.Overview.86247,,HK.SR2.Overview.86247,sr2popular,7.9.2,1,1
2026-09-13,mobile,iOS,or_poi_get_photos,,,HK.SR2.Overview.726080,,HK.SR2.Overview.726080,sr2allphoto,7.5.0,1,1
2026-09-13,mobile,iOS,or_search_get_poi,,,HK.AdvSearch.SR1.2,,,sr1,7.9.2,21,13
2026-09-13,mobile,iOS,or_poi_moreinfo,,,HK.SR2.Overview.180832,,HK.SR2.Overview.180832,sr2opening,7.10.3,1,1
2026-09-13,mobile,iOS,or_poi_get_menu,,,HK.SR2.Reel.photo.26080893,,HK.SR2.Reel.photo.26080893,sr2Tab,7.9.5,1,1
2026-09-13,mobile,iOS,or_poi_moreinfo,,,HK.SR2.Overview.1134149,,HK.SR2.Overview.1134149,sr2MoreInfo,7.9.2,1,1
2026-09-13,mobile,iOS,or_search_back_dialog,,,HK.AdvSearch.SR1.6,,HK.AdvSearch.SR1.6,,7.6.3,1,1
2026-09-13,mobile,iOS,or_search_quick,,,HK.QckSearch.SR1.10,,HK.QckSearch.SR1.10,search_key_in,7.6.3,1,1
2026-09-13,mobile,iOS,or_poi_popularDish,,,HK.SR2.Overview.856605,,HK.SR2.Overview.856605,sr2popular,7.14.1,1,1
2026-09-13,mobile,iOS,or_index_shoppingmall_district_2,,,HK.Home,,hk.home,,7.14.4,5,4
2026-09-13,mobile,iOS,or_search_back_dialog,,,HK.SR2.Overview.721829,,HK.SR2.Overview.721829,,7.9.5,1,1
2026-09-13,mobile,iOS,or_tm_succeed,,,HK.TM.booking.787474,,HK.TM.booking.787474,,7.13.2,1,1
2026-09-13,mobile,iOS,or_poi_get_photos,,,HK.SR2.Overview.1130068,,HK.SR2.Overview.1130068,sr2photo,7.5.4,1,1
2026-09-13,mobile,iOS,or_poi_moreinfo,,,HK.SR2.Overview.645119,,HK.SR2.Overview.645119,sr2opening,7.6.6,1,1
2026-09-13,mobile,iOS,or_search_layer_search,,,HK.Search.SR1.1,,HK.Search.SR1.1,search_key_in,7.13.3,3,1
2026-09-13,mobile,iOS,or_poi_review_editorChoice,,,HK.SR2.review.18607,,HK.SR2.review.18607,sr2reviewTab,7.14.3,1,1
2026-09-13,mobile,iOS,view_overview_Promotion,,,HK.SR2.Overview.717867,,,,7.9.2,1,1
2026-09-13,mobile,iOS,or_poi_moreinfo,,,HK.SR2.Overview.516171,,HK.SR2.Overview.516171,sr2MoreInfo,7.9.6,1,1
2026-09-13,mobile,iOS,or_poi_moreinfo,,,HK.SR2.Overview.634810,,HK.SR2.Overview.634810,sr2opening,7.12.3,1,1
2026-09-13,mobile,iOS,or_mall_sr1_shoppingmall_district_41662,,,HK.Mall.SR1.1,,HK.Mall.SR1.1,,7.14.4,3,2
2026-09-13,mobile,iOS,or_sr2_reel_media,,,HK.SR2.Reel.media.10059,,hk.SR2.photo.all.519374,,7.12.1,1,1
2026-09-13,mobile,iOS,or_search_back_dialog,,,HK.SR2.Overview.1115374,,HK.SR2.Overview.1115374,,7.15.0,1,1
2026-09-13,mobile,iOS,or_poi_map,,,HK.SR2.Overview.806961,,HK.SR2.Overview.806961,,7.17.2,2,1
2026-09-13,mobile,iOS,or_poi_moreinfo,,,HK.SR2.Overview.1140895,,HK.SR2.Overview.1140895,sr2MoreInfo,7.4.3,1,1
2026-09-13,mobile,iOS,recsys_poi_getlist,,,,,,recsys,7.4.2,2,2
2026-09-13,mobile,iOS,or_search_adv,,,HK.AdvSearch.SR1.2,,HK.AdvSearch.SR1.2,search_history,7.9.6,1,1
2026-09-13,mobile,iOS,or_search_back_dialog,,,HK.SR2.Overview.634810,,HK.SR2.Overview.634810,,7.15.0,1,1
2026-09-13,mobile,iOS,or_poi_moreinfo,,,HK.SR2.Overview.714407,,HK.SR2.Overview.714407,sr2opening,7.15.0,1,1
2026-09-13,mobile,iOS,or_sr2_reel_media,,,HK.SR2.Reel.media.7533,,hk.SR2.photo.food.603861,,7.12.1,1,1
2026-09-13,mobile,iOS,or_poi_map,,,HK.SR2.Overview.1864,,HK.SR2.Overview.1864,,7.13.0,1,1
2026-09-13,mobile,iOS,or_poi_get_photos,,,HK.SR2.Overview.1114973,,HK.SR2.Overview.1114973,sr2photo,7.9.2,2,1
2026-09-13,mobile,iOS,or_advsearch_open_filter,,,HK.SR1.Reel.photo.27889389,,HK.SR1.Reel.photo.27889389,sr1,7.11.0,1,1
2026-09-13,mobile,iOS,or_poi_get_photos,,,HK.SR2.Reel.photo.27925487,,HK.SR2.Reel.photo.27925487,,7.7.1,1,1
2026-09-13,mobile,Android,or_poi_review_back,,,HK.SR2.review.1005761,,,,7.16.2,1,1
2026-09-13,mobile,iOS,or_poi_review_back,,,HK.SR2.review.6016,,,,7.3.5,1,1
2026-09-13,mobile,iOS,or_deeplink_get_poi,,,,,HK.Review.6364450,,7.17.2,1,1
2026-09-13,mobile,iOS,or_poi_doorPhoto,,,CN.SR2.Overview.5690070,,CN.SR2.Overview.5690070,Others,7.7.1,1,1
2026-09-13,mobile,iOS,or_sr1_reel_media,,,HK.Photo.SR1.2,,hk.Photo.SR1.1,,7.16.1,1,1
2026-09-13,mobile,iOS,or_poi_get_menu,,,HK.SR2.Reel.photo.23336600,,HK.SR2.Menu.23629,,7.9.6,1,1
2026-09-13,mobile,iOS,or_poi_get_photos,,,HK.SR2.Overview.1126699,,HK.SR2.Overview.1126699,sr2photo,7.9.0,1,1
2026-09-13,mobile,iOS,user_uber_get,,,HK.SR2.Map.604712,,,Map,7.11.1,1,1
2026-09-13,mobile,iOS,or_search_back_dialog,,,HK.SR2.Overview.723058,,HK.SR2.Overview.723058,,7.9.0,1,1
2026-09-13,mobile,iOS,or_poi_popularDish_detail,,,HK.SR2.photo.popularDish.880343,,HK.SR2.photo.popularDish.880343,,7.10.2,2,1
2026-09-13,mobile,iOS,or_poi_get_menu,,,HK.SR2.Menu.655666,,HK.SR2.Menu.655666,,7.9.6,1,1
2026-09-13,mobile,iOS,or_poi_popularDish,,,HK.SR2.Overview.778449,,HK.SR2.Overview.778449,sr2popular,7.15.0,1,1
2026-09-13,mobile,iOS,or_poi_get_photos,,,HK.SR2.photo.3599,,HK.SR2.photo.3599,,7.5.2,3,1
2026-09-13,mobile,iOS,or_explore_reel_media,,,HK.Explore.12,,hk.Explore.12,,7.6.5,1,1
2026-09-13,mobile,iOS,os_update,,,,,,,7.6.5,11,11
2026-09-13,mobile,Android,or_poi_get_photos,,,HK.SR2.photo.820835,,HK.SR2.overview.820835,sr2,7.9.6,1,1
2026-09-13,mobile,iOS,or_tm_menu_offer_detail,,,HK.TM.Menu.Offer.List.679608,,HK.TM.Menu.Offer.List.679608,BookingMenuSR1,7.10.3,1,1
2026-09-13,mobile,Android,or_poi_popularDish,,,HK.SR2.photo.popularDish.875194,,HK.SR2.photo.video.875194,sr2photoTab,7.16.2,2,1
2026-09-13,mobile,iOS,or_poi_doorPhoto,,,HK.SR2.Overview.453327,,HK.SR2.Overview.453327,Others,7.4.2,1,1
2026-09-13,mobile,iOS,or_search_get_poi,,,HK.SR1.Reel.photo.29436314,,,sr1,7.6.1,1,1
2026-09-13,mobile,iOS,or_poi_suggest_poi,,,HK.SR2.Overview.693758,,,,7.3.5,1,1
2026-09-13,mobile,iOS,or_deeplink_get_poi,,,HK.Takeaway.order.821402,,,,7.11.1,1,1
2026-09-13,mobile,iOS,poi_emenu_photo,,,HK.SR2.photo.menu.686954,,HK.SR2.photo.menu.686954,,7.14.4,2,1
2026-09-13,mobile,iOS,or_poi_doorPhoto,,,HK.SR2.Overview.1130173,,HK.SR2.Overview.1130173,Others,7.13.2,1,1
2026-09-13,mobile,iOS,or_poi_get_photos,,,HK.SR2.Overview.795547,,HK.SR2.Overview.795547,sr2photo,7.6.2,1,1
2026-09-13,mobile,iOS,or_poi_get_photos,,,HK.SR2.Overview.1138794,,HK.SR2.Overview.1138794,sr2photo,7.9.5,1,1
2026-09-13,mobile,iOS,user_like_photo,,,HK.SR2.Reel.photo.28983211,,HK.SR2.Reel.photo.28983211,Reel,7.16.1,2,1
2026-09-13,mobile,iOS,or_poi_get_menu,,,HK.SR2.photo.889241,,HK.SR2.photo.889241,sr2PhotoTab,7.6.1,1,1
2026-09-13,mobile,iOS,or_poi_doorPhoto,,,HK.SR2.Overview.849068,,HK.SR2.Overview.849068,Others,7.14.3,1,1
2026-09-13,mobile,iOS,view_SR1_Promotion,,,HK.QckSearch.SR1.1,,,,7.3.5,10,8
2026-09-13,mobile,iOS,or_poi_map,,,HK.SR2.Overview.20303,,,,7.3.5,1,1
2026-09-13,mobile,Android,or_search_photo,,,HK.Photo.SR1.4,,hk.Search.SR1.1,sr1,7.17.1,1,1
2026-09-13,mobile,iOS,or_poi_review_ok,,,HK.SR2.Overview.1112755,,HK.SR2.Overview.1112755,sr2reviewTab,7.10.3,1,1
2026-09-13,mobile,iOS,or_poi_get_photos,,,HK.SR2.Overview.1136026,,HK.SR2.Overview.1136026,sr2photo,7.9.1,1,1
2026-09-13,mobile,iOS,user_share_poi,,,HK.SR2.Overview.820278,,,sr2sharepop,7.12.0,1,1
2026-09-13,mobile,iOS,or_search_back_dialog,,,HK.AdvSearch,,HK.AdvSearch,,7.13.2,1,1
2026-09-13,mobile,iOS,or_search_nearby,,,HK.Search.SR1.16,,HK.Search.SR1.16,qcksearch,7.14.3,1,1
2026-09-13,mobile,iOS,or_poi_get_menu,,,HK.SR2.Reel.photo.22123091,,HK.SR2.photo.all.186609,sr2PhotoTab,7.10.3,1,1
2026-09-13,mobile,Android,or_explore,,,HK.Home.Explore.8,,,btmBar,7.14.2,1,1
2026-09-13,tablet,iOS,or_lang_toggle,,,HK.Settings,,,,7.5.0,1,1
2026-09-13,mobile,iOS,or_poi_get_photos_others,,,HK.SR2.photo.menu.1831,,HK.SR2.photo.menu.1831,sr2PhotoTab,7.11.1,2,1
2026-09-13,mobile,iOS,or_sr2_reel_media,,,HK.SR2.Reel.photo.29051564,,HK.SR2.Reel.photo.29051564,all,7.8.0,1,1
2026-09-13,mobile,iOS,or_search_back,,,HK.SR1.Reel.photo.22031644,,HK.SR1.Reel.photo.22031644,,7.13.0,1,1
2026-09-13,mobile,iOS,user_photo_info,,,HK.SR2.Reel.photo.29394539,,HK.SR2.Reel.photo.29394539,Reel,7.17.2,1,1
2026-09-13,mobile,iOS,or_poi_get_menu,,,HK.SR2.Overview.1005579,,HK.SR2.Overview.1005579,sr2Tab,7.9.1,1,1
2026-09-13,mobile,iOS,or_search_quick,,,HK.SR2.Overview.14960,,HK.SR2.Overview.14960,,7.17.0,1,1
2026-09-13,mobile,iOS,or_poi_popularDish_detail,,,HK.SR2.popularDish.list.720889,,,,7.3.5,1,1
2026-09-13,mobile,iOS,or_poi_review_back,,,HK.SR2.review.1017177,,HK.SR2.review.1017177,,7.16.1,1,1
2026-09-13,mobile,iOS,or_poi_get_photos,,,HK.SR2.Overview.554784,,,sr2allphoto,7.3.5,1,1
2026-09-13,mobile,iOS,or_search_quick,,,HK.Home,,HK.Home,qcksearch,7.10.1,2,2
2026-09-13,mobile,iOS,or_search_back_dialog,,,HK.SR2.Overview.575528,,HK.SR2.Overview.575528,,7.10.1,1,1
2026-09-13,mobile,iOS,or_search_back_dialog,,,HK.SR2.Overview.1022858,,HK.SR2.Overview.1022858,,7.15.0,1,1
2026-09-13,mobile,iOS,user_screenCap,,,TW.SR2.Overview.504893,,,,7.14.4,1,1
2026-09-13,mobile,iOS,impression_jobs_poiSr2Hiring,,,HK.SR2.Overview.805263,,,,7.11.0,2,1
2026-09-13,mobile,iOS,or_poi_moreinfo,,,HK.SR2.Overview.26721,,HK.SR2.Overview.26721,sr2opening,7.9.5,1,1
2026-09-13,mobile,iOS,or_selforder_order,,,HK.SR2.Overview.190869,,HK.SR2.Overview.190869,sr2Tab,7.8.0,1,1
2026-09-13,mobile,iOS,or_poi_popularDish,,,HK.SR2.Overview.3468,,HK.SR2.Overview.3468,sr2popular,7.12.3,1,1
2026-09-13,mobile,Android,or_search_layer_tips,,,,,hk.Search.layer,,7.18.1,12,6
2026-09-13,mobile,iOS,or_poi_popularDish,,,HK.SR2.Overview.154561,,HK.SR2.Overview.154561,sr2popular,7.16.1,1,1
2026-09-13,mobile,iOS,or_search_quick,,,HK.SR1.Reel.photo.29408106,,HK.SR1.Reel.photo.29408106,search_history,7.9.5,1,1
2026-09-13,mobile,iOS,or_poi_get_menu,,,HK.SR2.Reel.photo.26418653,,HK.SR2.Menu.50772,,7.9.2,1,1
2026-09-13,mobile,iOS,or_poi_get_photos,,,HK.SR2.Overview.566971,,HK.SR2.Overview.566971,sr2allphoto,7.9.2,1,1
2026-09-13,mobile,iOS,or_poi_moreinfo,,,HK.SR2.Overview.517327,,,sr2opening,7.1.1,1,1
2026-09-13,mobile,iOS,or_poi_get_menu,,,HK.SR2.Overview.664210,,HK.SR2.Overview.664210,sr2Tab,7.10.2,2,1
2026-09-13,mobile,iOS,user_photo_info,,,HK.SR2.Reel.photo.28439212,,HK.SR2.Reel.photo.28439212,Reel,7.17.2,1,1
2026-09-13,mobile,iOS,or_poi_moreinfo,,,HK.SR2.Overview.592679,,HK.SR2.Overview.592679,sr2MoreInfo,7.9.5,1,1
2026-09-13,mobile,iOS,or_poi_get_menu,,,HK.SR2.photo.decor.890903,,HK.SR2.photo.decor.890903,sr2PhotoTab,7.9.5,1,1
2026-09-13,mobile,iOS,voucher_detail,,,HK.SR2.Overview.545775,,HK.SR2.Overview.545775,sr2OV,7.6.2,1,1
2026-09-13,mobile,iOS,or_poi_get_photos,,,HK.SR2.photo.all.911,,HK.SR2.photo.all.911,,7.10.3,2,2
2026-09-13,mobile,iOS,or_poi_review_back,,,HK.SR2.review.612662,,,,7.3.1,1,1
2026-09-13,mobile,iOS,or_search_back,,,HK.Nearby.SR1.1,,HK.QckSearch,,7.17.2,3,3
2026-09-13,mobile,Android,or_poi_get_menu,,,HK.SR2.Menu.1127708,,,sr2photoTab,6.3.6,2,1
2026-09-13,mobile,iOS,user_like_photo,,,HK.SR2.Reel.photo.29065514,,HK.SR2.Reel.photo.29065514,Reel,7.14.4,1,1
2026-09-13,mobile,iOS,or_search_back_dialog,,,HK.SR2.Overview.669096,,HK.SR2.Overview.669096,,7.4.2,1,1
2026-09-13,mobile,iOS,or_search_quick,,,HK.QckSearch.SR1.1,,HK.QckSearch.SR1.1,search_history,7.6.0,1,1
2026-09-13,mobile,iOS,user_photo_info,,,HK.SR2.Reel.photo.23784042,,HK.SR2.Reel.photo.23784042,Reel,7.17.2,1,1
2026-09-13,mobile,iOS,or_map_get_poi,,,HK.Nearby.Maps,,,,7.10.3,2,1
2026-09-13,mobile,iOS,app_exception,,,HK.SR2.Overview.865284,,,,7.10.1,1,1
2026-09-13,mobile,iOS,user_share_poi,,,HK.SR2.Overview.1147948,,,sr2sharepop,7.9.0,1,1
2026-09-13,mobile,iOS,or_tm_book,,,HK.SR2.Overview.798030,,HK.SR2.Overview.798030,sr2BookingWidget,7.9.5,1,1
2026-09-13,mobile,iOS,or_poi_popularDish,,,HK.SR2.photo.popularDish.548827,,HK.SR2.photo.popularDish.548827,,7.12.3,8,1
2026-09-13,mobile,iOS,or_search_adv,,,HK.AdvSearch.SR1.31,,HK.AdvSearch.SR1.31,Advance,7.6.1,1,1
2026-09-13,mobile,iOS,OR_MembershipPoint_asia_miles,,,HK.MembershipPoint.asia_miles,,HK.MembershipPoint.asia_miles,membershippoint,7.5.2,1,1
2026-09-13,mobile,iOS,or_search_back_dialog,,,HK.SR2.Overview.847494,,HK.SR2.Overview.847494,,7.10.3,1,1
2026-09-13,mobile,iOS,or_poi_get_menu,,,HK.SR2.photo.892388,,,sr2PhotoTab,7.2.1,2,1
2026-09-13,mobile,iOS,or_selforder_order,,,HK.SR2.Overview.659971,,HK.SR2.Overview.659971,sr2Tab,7.14.3,1,1
2026-09-13,mobile,iOS,poi_emenu_photo,,,HK.SR2.photo.menu.802600,,HK.SR2.photo.menu.802600,,7.10.3,2,1
2026-09-13,mobile,iOS,or_poi_get_photos,,,HK.SR2.photo.876854,,,,7.3.5,1,1
2026-09-13,mobile,iOS,or_poi_popularDish,,,HK.SR2.Overview.151358,,HK.SR2.Overview.151358,sr2popular,7.14.3,1,1
2026-09-13,mobile,iOS,or_poi_get_menu,,,HK.SR2.Overview.673460,,HK.SR2.Overview.673460,sr2Tab,7.9.2,1,1
2026-09-13,mobile,iOS,or_search_back_dialog,,,HK.SR2.Overview.22124,,HK.SR2.Overview.22124,,7.15.0,1,1
2026-09-13,mobile,iOS,or_advsearch_open_filter,,,HK.Search.SR1.1,,HK.Search.SR1.1,sr1,7.17.2,32,21
2026-09-13,mobile,iOS,or_search_back,,,HK.QckSearch.SR1.3,,HK.QckSearch.SR1.3,,7.9.5,17,16
2026-09-13,mobile,iOS,impression_jobs_poiSr2Hiring,,,HK.SR2.Overview.805263,,,,7.9.5,1,1
2026-09-13,mobile,Android,or_poi_get_photos_all_decor,,,HK.SR2.photo.decor.1143812,,HK.SR2.photo.all.1143812,sr2photoTab,7.15.0,1,1
2026-09-13,mobile,iOS,or_poi_get_photos,,,HK.SR2.photo.583016,,HK.SR2.photo.583016,,7.6.1,1,1
2026-09-13,mobile,iOS,user_like_photo,,,HK.SR2.Reel.photo.25761603,,HK.SR2.Reel.photo.25761603,Reel,7.9.5,1,1
2026-09-13,mobile,iOS,or_search_all_dishes,,,HK.Nearby.SR1.1,,HK.Nearby.SR1.1,,7.11.1,1,1
2026-09-13,mobile,iOS,or_poi_get_photos,,,HK.SR2.photo.859007,,HK.SR2.photo.859007,,7.9.5,3,1
2026-09-13,mobile,Android,or_search_adv,,,HK.AdvSearch.SR1.8,,,Advance,5.19.1,2,1
2026-09-13,mobile,iOS,user_enter_profile,,,HK.SR2.Reel.photo.24494802,,HK.SR2.Reel.photo.24494802,Reel,7.6.5,1,1
2026-09-13,mobile,iOS,or_search_back_dialog,,,HK.SR2.Overview.137919,,HK.SR2.Overview.137919,,7.12.1,1,1
2026-09-13,mobile,iOS,or_poi_phone,,,HK.SR2.Overview.597626,,,sr2basic,7.14.3,2,1
2026-09-13,mobile,iOS,or_poi_phone,,,HK.SR2.Overview.885343,,,sr2basic,7.11.0,1,1
2026-09-13,mobile,iOS,or_sr2_reel_media,,,HK.SR2.photo.all.1100155,,hk.SR2.photo.all.1100155,,7.16.1,1,1
2026-09-13,mobile,iOS,or_sr2_reel_media,,,HK.SR2.photo.food.534396,,hk.SR2.photo.food.534396,,7.9.5,1,1
2026-09-13,mobile,iOS,or_tm_menu_offer_detail,,,HK.SR2.Overview.584660,,HK.SR2.Overview.584660,,7.17.2,1,1
2026-09-13,mobile,iOS,or_poi_get_photos,,,HK.SR2.Overview.721717,,HK.SR2.Overview.721717,sr2allphoto,7.7.1,1,1
2026-09-13,mobile,iOS,or_poi_doorPhoto,,,HK.SR2.Overview.514588,,HK.SR2.Overview.514588,Others,7.14.0,1,1
2026-09-13,mobile,Android,or_poi_popularDish,,,,,HK.SR2.overview.839635,sr2,7.17.0,1,1
2026-09-13,mobile,iOS,or_search_nearby,,,HK.Nearby.SR1.3,,HK.Nearby.SR1.3,Index,7.10.2,4,4
2026-09-13,mobile,Android,or_search_back,,,HK.TM.SR1.2,,HK.TM.SR1.2,SR1,7.17.0,1,1
2026-09-13,mobile,iOS,poi_emenu_photo,,,HK.SR2.Menu.602434,,HK.SR2.Menu.602434,,7.6.6,2,1
2026-09-13,mobile,iOS,or_poi_popularDish,,,HK.SR2.photo.food.652752,,HK.SR2.photo.food.652752,sr2PhotoTab,7.7.1,1,1
2026-09-13,mobile,iOS,user_photo_info,,,HK.SR2.Reel.photo.28098015,,HK.SR2.Reel.photo.28098015,Reel,7.10.3,1,1
2026-09-13,mobile,iOS,or_coupon_getdetails,,,HK.QckSearch,,HK.QckSearch,Others,7.17.2,1,1
2026-09-13,mobile,Android,or_tm_book,,,HK.SR2.overview.1028713,,,sr2Picker,6.3.6,1,1
2026-09-13,mobile,iOS,user_upload_photo,,,HK.SR2.Overview.558279,,,sr2OV,7.14.4,1,1
2026-09-13,mobile,iOS,or_search_back_dialog,,,HK.SR2.Overview.883315,,HK.SR2.Overview.883315,,7.15.0,1,1
2026-09-13,mobile,iOS,or_search_offer,,,HK.Offer.SR1.18,,HK.Offer.SR1.18,qcksearch,7.11.1,1,1
2026-09-13,mobile,iOS,or_poi_popularDish,,,HK.SR2.photo.popularDish.766272,,HK.SR2.photo.popularDish.766272,,7.14.2,1,1
2026-09-13,mobile,iOS,or_poi_moreinfo,,,HK.SR2.Overview.694280,,HK.SR2.Overview.694280,sr2opening,7.6.2,1,1
2026-09-13,mobile,iOS,user_media_info,,,HK.SR2.Reel.media.10462,,HK.SR2.Reel.media.10462,Reel,7.17.2,1,1
2026-09-13,mobile,iOS,or_poi_moreinfo,,,HK.SR2.Overview.992411,,HK.SR2.Overview.992411,sr2opening,7.10.2,1,1
2026-09-13,mobile,iOS,or_search_get_poi,,,HK.QckSearch.SR1.1,,,sr1,7.4.2,138,43
2026-09-13,mobile,iOS,or_takeaway_order,,,HK.Takeaway.order.881096,,HK.Takeaway.order.881096,menu,7.13.3,1,1
2026-09-13,mobile,iOS,view_overview_Promotion,,,HK.SR2.Overview.888644,,,,7.12.1,1,1
2026-09-13,mobile,iOS,user_share_poi,,,HK.SR2.Overview.1030826,,,sr2sharepop,7.12.3,1,1
2026-09-13,mobile,iOS,or_poi_doorPhoto,,,HK.SR2.Overview.572152,,HK.SR2.Overview.572152,Others,7.11.1,1,1
2026-09-13,mobile,iOS,or_explore_reel,,,HK.SR2.Reel.photo.25551091,,HK.SR2.Reel.photo.25551091,sr2,7.4.3,4,1
2026-09-13,mobile,Android,or_poi_get_photos_all_video,,,HK.SR2.photo.video.807257,,HK.SR2.photo.video.807257,sr2photoTab,7.16.1,1,1
2026-09-13,mobile,iOS,or_sr1_reel_media,,,HK.SR1.Reel.photo.27853304,,HK.SR1.Reel.photo.27853304,Reel,7.15.0,1,1
2026-09-13,mobile,iOS,poi_emenu_photo,,,HK.SR2.Menu.463174,,HK.SR2.Menu.463174,,7.9.6,1,1
2026-09-13,mobile,iOS,or_poi_get_photos_video,,,HK.SR2.photo.all.689528,,HK.SR2.photo.all.689528,sr2PhotoTab,7.17.2,1,1
2026-09-13,mobile,iOS,or_poi_get_photos,,,HK.SR2.Overview.746973,,HK.SR2.Overview.746973,sr2allphoto,7.9.5,1,1
2026-09-13,mobile,iOS,voucher_success_myVouchers,,,HK.voucherList.paymentSuccess,,,,7.17.2,2,2
2026-09-13,mobile,Android,or_app_start,,,HK.login,,,,7.16.1,4,4
2026-09-13,mobile,iOS,user_bookmark_poi,,,HK.SR2.Overview.887609,,(null),sr2,7.17.2,1,1
2026-09-13,mobile,iOS,user_share_poi,,,HK.SR2.Overview.19153,,,sr2sharepop,7.5.1,2,1
2026-09-13,mobile,iOS,or_search_back_dialog,,,HK.SR2.Overview.832893,,HK.SR2.Overview.832893,,7.14.3,1,1
2026-09-13,mobile,iOS,or_search_layer,,,TW.Search.SR1.2,,TW.Search.SR1.2,,7.11.0,1,1
2026-09-13,mobile,Android,or_search_back,,,MO.QckSearch.SR1.3,,MO.QckSearch.SR1.3,SR1,7.9.2,1,1
2026-09-13,mobile,Android,or_search_offer,,,HK.Offer.SR1.123,,,sr1,7.6.1,1,1
2026-09-13,mobile,iOS,or_poi_phone,,,HK.SR2.Overview.1014744,,,sr2info,7.11.1,1,1
2026-09-13,mobile,iOS,or_poi_get_menu,,,HK.SR2.photo.1132237,,,sr2PhotoTab,7.2.1,1,1
2026-09-13,mobile,iOS,or_poi_get_photos,,,HK.SR2.photo.766272,,HK.SR2.photo.766272,,7.6.6,4,1
2026-09-13,mobile,iOS,or_poi_get_photos,,,HK.SR2.photo.715468,,HK.SR2.photo.715468,,7.6.6,1,1
2026-09-13,mobile,iOS,or_poi_moreinfo,,,HK.SR2.Overview.689246,,HK.SR2.Overview.689246,sr2opening,7.10.2,1,1
2026-09-13,mobile,Android,or_lms2_tab,,,HK.LMS2Lite.35314.tab.-990.1,,hk.LMS2Lite.35314.tab.-990.1,,7.16.2,1,1
2026-09-13,mobile,iOS,or_poi_popularDish,,,HK.SR2.Overview.154561,,HK.SR2.Overview.154561,sr2popular,7.6.6,1,1
2026-09-13,mobile,iOS,user_photo_info,,,HK.SR2.Reel.photo.29348126,,HK.SR2.Reel.photo.29348126,Reel,7.13.2,1,1
2026-09-13,mobile,iOS,or_explore_btmbar,,,HK.Me,,hk.Home,,7.9.6,1,1
2026-09-13,mobile,iOS,or_poi_review_back,,,MO.SR2.review.24089,,MO.SR2.review.24089,,7.17.0,1,1
2026-09-13,mobile,iOS,or_poi_coupon,,,HK.Coupon.390995,,,RetentionCoupon,7.16.1,1,1
2026-09-13,mobile,iOS,or_search_back,,,HK.QckSearch.SR1.38,,HK.QckSearch.SR1.38,,7.9.0,1,1
2026-09-13,mobile,iOS,or_selforder_order,,,HK.SR2.Overview.522954,,HK.SR2.Overview.522954,sr2Tab,7.10.2,1,1
2026-09-13,mobile,iOS,myor_search_bkmPOI,,,HK.AdvSearch,,HK.AdvSearch,,7.12.0,2,1
2026-09-13,mobile,iOS,or_sr2_reel_media,,,HK.SR2.Reel.photo.29339301,,HK.SR2.Reel.photo.29339301,food,7.14.4,1,1
2026-09-13,mobile,iOS,or_search_get_poi,,,HK.Search.SR1.2,,,sr1,7.16.0,50,15
2026-09-13,mobile,iOS,poi_emenu_photo,,,HK.SR2.Menu.1118565,,HK.SR2.Menu.1118565,,7.9.5,3,1
2026-09-13,mobile,iOS,or_poi_popularDish_detail,,,HK.SR2.photo.popularDish.774350,,HK.SR2.photo.popularDish.774350,,7.10.2,4,1
2026-09-13,mobile,iOS,or_search_get_poi,,,HK.SR1.Reel.photo.25942631,,HK.SR1.Reel.photo.25942631,sr1,7.17.0,1,1
2026-09-13,mobile,iOS,or_search_adv,,,HK.AdvSearch.SR1.1,,HK.AdvSearch.SR1.1,biz,7.9.2,6,3
2026-09-13,mobile,iOS,or_takeaway_checkout,,,HK.Takeaway.order.599489,,HK.Takeaway.order.599489,menu,7.14.1,1,1
2026-09-13,mobile,iOS,or_coupon_getdetails,,,HK.Coupon.399144,,HK.Coupon.399144,RetentionCoupon,7.16.1,1,1
2026-09-13,mobile,Android,or_poi_popularDish,,,HK.SR2.photo.popularDish.1100106,,HK.SR2.photo.menu.1100106,sr2photoTab,7.17.0,1,1
2026-09-13,mobile,Android,user_share_poi,,,HK.SR2.overview.139676,,,sr2sharepop,7.6.1,1,1
2026-09-13,mobile,iOS,or_poi_review_back,,,HK.SR2.review.1122517,,HK.SR2.review.1122517,,7.7.1,2,1
2026-09-13,mobile,iOS,or_poi_moreinfo,,,HK.SR2.Overview.671842,,HK.SR2.Overview.671842,sr2opening,7.15.0,1,1
2026-09-13,mobile,iOS,poi_emenu_photo,,,HK.SR2.photo.menu.806856,,HK.SR2.photo.menu.806856,,7.14.3,1,1
2026-09-13,mobile,iOS,or_sr2_reel_media,,,HK.SR2.Reel.photo.29507134,,HK.SR2.Reel.photo.29507134,food,7.17.2,1,1
2026-09-13,mobile,iOS,or_poi_map,,,HK.SR2.Overview.1105199,,HK.SR2.Overview.1105199,,7.9.1,2,1
2026-09-13,mobile,iOS,or_poi_doorPhoto,,,HK.SR2.Overview.741808,,HK.SR2.Overview.741808,Others,7.15.0,1,1
2026-09-13,mobile,iOS,or_search_back_dialog,,,HK.SR2.Overview.37138,,HK.SR2.Overview.37138,,7.16.1,1,1
2026-09-13,mobile,iOS,or_poi_get_photos,,,HK.SR2.Overview.648117,,HK.SR2.Overview.648117,sr2allphoto,7.7.1,1,1
2026-09-13,mobile,iOS,poi_emenu_photo,,,HK.SR2.photo.menu.766470,,HK.SR2.photo.menu.766470,,7.10.3,1,1
2026-09-13,mobile,iOS,or_explore,,,HK.SR2.Menu.771655,,HK.SR2.Menu.771655,,7.4.3,1,1
2026-09-13,mobile,iOS,or_poi_review_back,,,HK.SR2.review.1130525,,,,7.4.1,1,1
2026-09-13,mobile,iOS,or_poi_get_photos,,,HK.SR2.photo.758400,,,sr2PhotoTab,6.3.1,2,1
2026-09-13,mobile,iOS,or_poi_popularDish_detail,,,HK.SR2.popularDish.list.808549,,HK.SR2.popularDish.list.808549,,7.9.6,1,1
2026-09-13,mobile,iOS,or_selforder_order,,,HK.SelfOrder.order.504800,,HK.SelfOrder.order.504800,menu,7.12.1,4,1
2026-09-13,mobile,iOS,or_poi_get_photos,,,HK.SR2.photo.all.1114092,,HK.SR2.photo.all.1114092,,7.10.2,1,1
2026-09-13,mobile,iOS,user_like_photo,,,HK.SR2.Reel.photo.29005377,,HK.SR2.Reel.photo.29005377,Reel,7.11.1,1,1
2026-09-13,mobile,iOS,or_poi_get_menu,,,HK.SR2.photo.all.1126699,,HK.SR2.photo.all.1126699,sr2PhotoTab,7.10.3,1,1
2026-09-13,mobile,iOS,user_myor,,,HK.Me,,,btmBar,7.17.0,1,1
2026-09-13,mobile,iOS,or_poi_doorPhoto,,,HK.SR2.Overview.754560,,HK.SR2.Overview.754560,Others,7.9.5,1,1
2026-09-13,mobile,iOS,or_search_back_dialog,,,HK.SR2.Overview.1128137,,HK.SR2.Overview.1128137,,7.17.2,1,1
2026-09-13,mobile,iOS,or_poi_popularDish,,,HK.SR2.Overview.690612,,HK.SR2.Overview.690612,sr2popular,7.7.1,1,1
2026-09-13,mobile,iOS,or_poi_get_photos_video,,,HK.SR2.Overview.603861,,HK.SR2.Overview.603861,sr2PhotoTab,7.14.4,1,1
2026-09-13,mobile,iOS,myor_search_bkmPOI,,,HK.MyBookmarkCat.1,,HK.MyBookmarkCat.1,,7.9.2,37,25
2026-09-13,mobile,iOS,or_poi_popularDish,,,HK.SR2.Overview.620191,,HK.SR2.Overview.620191,sr2popular,7.9.5,1,1
2026-09-13,mobile,iOS,or_poi_popularDish,,,HK.SR2.photo.all.735150,,HK.SR2.photo.all.735150,sr2PhotoTab,7.10.3,1,1
2026-09-13,mobile,Android,or_poi_moreinfo,,,HK.SR2.overview.787306,,,sr2opening,7.6.1,1,1
2026-09-13,mobile,iOS,or_poi_get_menu,,,HK.SR2.Overview.856633,,HK.SR2.Overview.856633,sr2Tab,7.9.6,2,1
2026-09-13,mobile,iOS,user_share_poi,,,HK.SR2.Overview.809997,,,sr2sharepop,7.17.0,1,1
2026-09-13,mobile,iOS,user_share_poi,,,HK.SR2.Overview.734299,,,sr2sharepop,7.14.1,1,1
2026-09-13,mobile,iOS,user_like_photo,,,HK.SR2.Reel.photo.29263589,,HK.SR2.Reel.photo.29263589,Reel,7.17.2,3,1
2026-09-13,mobile,iOS,myor_search_bkmPOI,,,,,,btmBar,7.16.1,2,2
2026-09-13,mobile,iOS,or_poi_get_photos,,,HK.SR2.photo.22272,,HK.SR2.photo.22272,,7.9.5,10,1
2026-09-13,mobile,iOS,or_search_back_dialog,,,HK.Search.SR1.3,,HK.Search.SR1.3,,7.11.0,4,3
2026-09-13,mobile,iOS,or_poi_get_photos,,,HK.SR2.Overview.802873,,HK.SR2.Overview.802873,sr2allphoto,7.8.1,1,1
2026-09-13,mobile,iOS,or_poi_get_photos,,,HK.SR2.photo.1127687,,HK.SR2.photo.1127687,,7.9.5,2,1
2026-09-13,mobile,iOS,user_review,,,HK.Profile,,HK.Profile,,7.17.1,3,2
2026-09-13,mobile,Android,or_poi_get_menu,,,HK.SR2.Menu.173172,,,sr2photoTab,5.15.0,7,1
2026-09-13,mobile,iOS,or_search_quick,,,HK.AdvSearch.SR1.3,,HK.AdvSearch.SR1.3,search_key_in,7.6.6,1,1
2026-09-13,mobile,iOS,or_poi_get_photos,,,HK.SR2.Overview.629829,,HK.SR2.Overview.629829,sr2photo,7.9.5,1,1
2026-09-13,mobile,iOS,or_poi_review_back,,,HK.SR2.review.790493,,HK.SR2.review.790493,,7.8.0,1,1
2026-09-13,mobile,iOS,or_search_back_dialog,,,HK.SR2.Overview.899667,,HK.SR2.Overview.899667,,7.7.1,1,1
2026-09-13,mobile,iOS,or_search_back,,,HK.AdvSearch.SR1.6,,HK.AdvSearch.SR1.6,,7.9.6,1,1
2026-09-13,mobile,iOS,or_search_offer,,,HK.Offer.SR1.45,,HK.Offer.SR1.45,sr1,7.16.1,1,1
2026-09-13,mobile,iOS,or_myor_bkmPOI,,,HK.Me,,HK.Me,btmBar,7.10.0,1,1
2026-09-13,mobile,iOS,user_photo_info,,,HK.SR2.Reel.photo.29359082,,HK.SR2.Reel.photo.29359082,Reel,7.12.0,1,1
2026-09-13,mobile,iOS,or_poi_get_menu,,,HK.SR2.Overview.793085,,HK.SR2.Overview.793085,sr2Tab,7.10.2,2,1
2026-09-13,mobile,iOS,user_photo_info,,,HK.SR2.Reel.photo.29158985,,HK.SR2.Reel.photo.29158985,Reel,7.6.1,1,1
2026-09-13,mobile,iOS,or_poi_moreinfo,,,HK.SR2.Overview.677696,,HK.SR2.Overview.677696,sr2MoreInfo,7.11.1,1,1
2026-09-13,mobile,iOS,or_poi_get_photos,,,HK.SR2.Overview.720889,,HK.SR2.Overview.720889,sr2allphoto,7.7.1,1,1
2026-09-13,mobile,iOS,or_search_back_dialog,,,HK.SR2.Overview.588337,,HK.SR2.Overview.588337,,7.7.1,1,1
2026-09-13,mobile,iOS,view_overview_Promotion,,,HK.SR2.Overview.1122745,,,,7.11.0,1,1
2026-09-13,mobile,iOS,or_poi_doorPhoto,,,HK.SR2.Overview.1107540,,HK.SR2.Overview.1107540,Others,7.12.3,1,1
2026-09-13,mobile,iOS,or_poi_get_menu,,,HK.SR2.Reel.photo.29197503,,HK.SR2.Menu.783779,,7.9.6,1,1
2026-09-13,mobile,Android,or_search_adv,,,HK.AdvSearch.SR1.2,,,Home,5.15.0,2,1
2026-09-13,mobile,iOS,or_search_get_poi,,,HK..SR1.1,,,sr1,7.9.2,8,7
2026-09-13,mobile,iOS,or_page_home,,,TW.Home,,,btmBar,7.17.2,1,1
2026-09-13,mobile,iOS,or_search_layer,,,HK.Photo.SR1.2,,HK.Photo.SR1.2,,7.16.1,1,1
2026-09-13,mobile,iOS,or_explore_reel_media,,,HK.Home.Explore.Reel.media.35886,,HK.Home.Explore.Reel.media.35886,Reel,7.9.2,1,1
2026-09-13,mobile,iOS,or_poi_phone,,,HK.SR2.Overview.782084,,,sr2info,7.9.2,1,1
2026-09-13,mobile,iOS,or_search_quick,,,HK.QckSearch.SR1.17,,HK.QckSearch.SR1.17,search_key_in,7.4.2,1,1
2026-09-13,mobile,iOS,or_search_all_dishes,,,HK.Search.SR1.4,,HK.Search.SR1.3,,7.11.0,1,1
2026-09-13,mobile,iOS,or_explore_reel,,,HK.SR2.photo.806961,,HK.SR2.photo.806961,sr2,7.4.4,1,1
2026-09-13,mobile,iOS,or_search_quick,,,HK.LMS2.42.tab.-990.5,,HK.LMS2.42.tab.-990.5,,7.14.4,1,1
2026-09-13,mobile,iOS,or_poi_doorPhoto,,,HK.SR2.Overview.3666,,,Others,7.3.5,1,1
2026-09-13,mobile,iOS,poi_emenu_photo,,,HK.SR2.Menu.819345,,HK.SR2.Menu.819345,,7.9.5,1,1
2026-09-13,mobile,iOS,or_poi_map,,,HK.SR2.Overview.682338,,HK.SR2.Overview.682338,,7.17.2,1,1
2026-09-13,mobile,iOS,or_search_layer_search,,,HK.Search.SR1.1,,HK.Search.SR1.1,biz,7.14.1,1,1
2026-09-13,mobile,iOS,or_search_back_dialog,,,HK.SR2.Overview.720798,,HK.SR2.Overview.720798,,7.17.2,1,1
2026-09-13,mobile,Android,or_poi_get_menu,,,HK.SR2.Menu.139676,,HK.SR2.Menu.139676,sr2,7.6.1,3,1
2026-09-13,mobile,iOS,or_poi_map,,,MO.SR2.Map.25018,,MO.SR2.Map.25018,,7.16.1,3,1
2026-09-13,mobile,iOS,or_poi_moreinfo,,,HK.SR2.Overview.713381,,HK.SR2.Overview.713381,sr2opening,7.7.0,1,1
2026-09-13,mobile,iOS,or_poi_get_menu,,,CN.SR2.Overview.5879478,,CN.SR2.Overview.5879478,sr2Tab,7.7.1,2,1
2026-09-13,mobile,Android,or_coupon_getdetails,,,HK.Coupon.399323,,,null,6.3.5,3,1
2026-09-13,mobile,iOS,or_poi_get_photos,,,HK.SR2.Overview.819345,,,sr2allphoto,7.3.2,1,1
2026-09-13,mobile,iOS,or_poi_popularDish_detail,,,HK.SR2.photo.popularDish.746234,,HK.SR2.photo.popularDish.746234,,7.14.4,1,1
2026-09-13,mobile,iOS,or_sr1_reel_media,,,HK.Photo.SR1.Reel.media.46507,,HK.Photo.SR1.Reel.media.46507,Reel,7.12.3,2,1
2026-09-13,mobile,iOS,or_advsearch_open_filter,,,HK.QckSearch.sr1.1,,HK.QckSearch.sr1.1,sr1,7.6.0,1,1
2026-09-13,mobile,iOS,or_coupon_getdetails,,,HK.SR2.Overview.889775,,HK.SR2.Overview.889775,sr2OV,7.6.1,2,1
2026-09-13,mobile,iOS,or_search_back_dialog,,,HK.SR2.Overview.483479,,HK.SR2.Overview.483479,,7.9.5,1,1
2026-09-13,mobile,iOS,or_poi_moreinfo,,,HK.SR2.Overview.992411,,HK.SR2.Overview.992411,sr2MoreInfo,7.9.6,1,1
2026-09-13,mobile,iOS,or_search_back_dialog,,,HK.Takeaway.order.1137241,,HK.Takeaway.order.1137241,,7.9.6,1,1
2026-09-13,mobile,Android,user_like_photo,,,HK.Sr2.Reel.photo.26387413,,HK.Sr2.Reel.photo.26387413,Reel,7.13.0,1,1
2026-09-13,mobile,iOS,or_poi_get_photos,,,HK.SR2.Overview.1017170,,,sr2allphoto,7.2.1,1,1
2026-09-13,mobile,iOS,or_qcksearch,,,HK.Home.Explore.1,,,Index,7.12.1,17,17
2026-09-13,mobile,iOS,or_takeaway_order,,,HK.Takeaway.order.1122030,,HK.Takeaway.order.1122030,sr2OV,7.11.1,1,1
2026-09-13,mobile,iOS,or_suggestedRestaurant_get_poi,,,HK.SR2.Overview.782084,,,sr2suggest,7.6.1,1,1
2026-09-13,mobile,iOS,or_poi_doorPhoto,,,HK.SR2.Overview.739399,,HK.SR2.Overview.739399,Others,7.15.0,1,1
2026-09-13,mobile,iOS,or_search_layer_tips,,,HK.Search.SR1.5,,HK.Search.SR1.5,qcksearch,7.10.0,4,4
2026-09-13,mobile,iOS,or_poi_popularDish,,,HK.SR2.photo.food.187521,,HK.SR2.photo.food.187521,sr2PhotoTab,7.13.0,1,1
2026-09-13,mobile,iOS,or_search_back_dialog,,,HK.SR2.Overview.740462,,HK.SR2.Overview.740462,,7.11.1,2,2
2026-09-13,mobile,iOS,or_poi_popularDish_detail,,,HK.SR2.photo.popularDish.717797,,HK.SR2.photo.popularDish.717797,,7.14.3,2,1
2026-09-13,mobile,iOS,or_poi_get_menu,,,HK.SR2.Overview.873975,,HK.SR2.Overview.873975,sr2Tab,7.6.0,1,1
2026-09-13,mobile,iOS,or_search_back_dialog,,,HK.SR2.Overview.690836,,HK.SR2.Overview.690836,,7.7.0,1,1
2026-09-13,mobile,iOS,or_search_back_dialog,,,HK.SR2.Overview.718205,,HK.SR2.Overview.718205,,7.10.1,1,1
2026-09-13,mobile,iOS,or_poi_moreinfo,,,HK.SR2.Overview.8745,,HK.SR2.Overview.8745,sr2MoreInfo,7.10.2,1,1
2026-09-13,mobile,iOS,or_poi_doorPhoto,,,HK.SR2.Overview.704720,,HK.SR2.Overview.704720,Others,7.6.3,1,1
2026-09-13,mobile,iOS,or_search_quick,,,HK.QckSearch,,HK.QckSearch,,7.12.0,357,208
2026-09-13,mobile,iOS,or_poi_get_photos,,,HK.SR2.photo.879730,,HK.SR2.photo.879730,,7.9.5,1,1
2026-09-13,mobile,iOS,or_poi_get_photos,,,HK.SR2.photo.11457,,,,7.3.3,1,1
2026-09-13,mobile,iOS,impression_photo,,,HK.Photo.SR1.Reel.media.24628,,hk.photo.SR1.1,PhotoSR1,7.14.0,7,1
2026-09-13,mobile,iOS,or_poi_get_photos_video,,,HK.SR2.photo.food.766272,,HK.SR2.photo.food.766272,sr2PhotoTab,7.14.2,1,1
2026-09-13,mobile,iOS,or_tm_book,,,HK.SR2.Overview.611534,,HK.SR2.Overview.611534,sr2BookingWidget,7.5.3,1,1
2026-09-13,mobile,iOS,or_poi_moreinfo,,,HK.SR2.Overview.525625,,HK.SR2.Overview.525625,sr2opening,7.9.4,1,1
2026-09-13,mobile,iOS,user_report_photo,,,HK.SR2.Reel.photo.28012326,,HK.SR2.Reel.photo.28012326,Reel,7.14.4,1,1
2026-09-13,mobile,iOS,or_poi_get_photos,,,HK.SR2.Overview.772436,,,sr2allphoto,7.3.2,1,1
2026-09-13,mobile,iOS,or_search_layer_tips,,,HK.Search.SR1.2,,HK.Search.SR1.1,qcksearch,7.12.0,1,1
2026-09-13,mobile,Android,user_media_fullscreen,,,HK.Sr2.Reel.photo.29255441,,,,7.17.1,1,1
2026-09-13,mobile,iOS,or_search_nearby,,,HK.QckSearch.SR1.2,,HK.QckSearch.SR1.2,search_key_in,7.9.5,3,3
2026-09-13,mobile,iOS,or_poi_moreinfo,,,HK.SR2.Overview.786462,,HK.SR2.Overview.786462,sr2opening,7.12.0,1,1
2026-09-13,mobile,iOS,or_poi_get_menu,,,HK.SR2.photo.124502,,,sr2PhotoTab,7.2.1,1,1
2026-09-13,mobile,iOS,or_poi_get_photos,,,HK.SR2.Reel.media.19164,,HK.SR2.photo.all.591730,,7.10.3,1,1
2026-09-13,mobile,iOS,or_deeplink_get_poi,,,HK.SR2.Overview.734166,,,,7.12.3,1,1
2026-09-13,mobile,iOS,or_search_back_dialog,,,HK.SR2.Overview.723550,,HK.SR2.Overview.723550,,7.6.1,1,1
2026-09-13,mobile,iOS,or_poi_get_photos,,,HK.SR2.Overview.885567,,HK.SR2.Overview.885567,sr2allphoto,7.9.2,2,1
2026-09-13,mobile,iOS,or_poi_moreinfo,,,HK.SR2.Overview.822957,,HK.SR2.Overview.822957,sr2opening,7.11.0,1,1
2026-09-13,mobile,iOS,or_suggestedRestaurant_get_poi,,,HK.SR2.Overview.795855,,,sr2suggest,7.9.5,1,1
2026-09-13,mobile,iOS,or_poi_get_photos,,,HK.SR2.Overview.621210,,HK.SR2.Overview.621210,sr2allphoto,7.9.6,2,1
2026-09-13,mobile,iOS,or_poi_get_photos_video,,,HK.SR2.photo.food.1022844,,HK.SR2.photo.food.1022844,sr2PhotoTab,7.9.6,1,1
2026-09-13,mobile,iOS,or_poi_get_photos,,,HK.SR2.Reel.photo.29346307,,HK.SR2.Reel.photo.29346307,,7.6.2,1,1
2026-09-13,mobile,iOS,or_search_get_poi,,,HK.SR2.Overview.1114824,,,sr1,7.9.0,1,1
2026-09-13,mobile,Android,poi_emenu_photo,,,HK.SR2.Menu.627905,,HK.SR2.Menu.627905,,7.16.2,1,1
2026-09-13,mobile,iOS,user_bookmark_poi,,,HK.SR2.Overview.991623,,,screenCap,7.9.5,1,1
2026-09-13,mobile,iOS,or_poi_map,,,HK.SR2.Overview.659361,,HK.SR2.Overview.659361,,7.6.3,2,1
2026-09-13,mobile,iOS,or_travel_hotspots,,,HK.Home,,HK.Home,Showcase,7.9.2,1,1
2026-09-13,mobile,iOS,or_search_back,,,HK.QckSearch.SR1.1,,HK.QckSearch.SR1.1,,7.9.4,3,3
2026-09-13,mobile,iOS,or_poi_popularDish,,,HK.SR2.Overview.500259,,HK.SR2.Overview.500259,sr2popular,7.12.0,1,1
2026-09-13,mobile,iOS,or_poi_get_menu,,,HK.SR2.photo.1115155,,HK.SR2.photo.1115155,sr2PhotoTab,7.9.5,1,1
2026-09-13,mobile,Android,or_tm_menu_offer_list,,,HK.SR2.overview.1861,,,sr1,7.13.0,1,1
2026-09-13,mobile,iOS,user_like_photo,,,HK.SR2.Reel.photo.29432425,,HK.SR2.Reel.photo.29432425,Reel,7.9.5,1,1
2026-09-13,mobile,iOS,or_search_adv,,,HK.AdvSearch,,HK.AdvSearch,(null),7.17.1,2,1
2026-09-13,tablet,iOS,impression_ad_1,,,HK.Search.SR1.1,,HK.Search.SR1.1,,7.17.0,3,1
2026-09-13,mobile,iOS,or_shortlist_get_poi,,,HK.Search.SR1.1,,,,7.15.0,1,1
2026-09-13,mobile,iOS,or_explore_reel,,,HK.SR2.photo.decor.771655,,HK.SR2.photo.decor.771655,sr2,7.4.3,1,1
2026-09-13,mobile,iOS,or_search_nearby,,,HK.QckSearch.SR1.6,,HK.QckSearch.SR1.6,qcksearch,7.6.2,1,1
2026-09-13,mobile,iOS,user_bookmark_poi,,,HK.SR2.Overview.637303,,,sr2,7.14.3,1,1
2026-09-13,mobile,iOS,or_sponsor_get_poi,,,HK.Search.SR1.2,,,sr1,7.10.3,2,2
2026-09-13,mobile,iOS,or_search_back_dialog,,,HK.SR2.Overview.850971,,HK.SR2.Overview.850971,,7.9.1,2,2
2026-09-13,mobile,iOS,or_explore_reel,,,HK.SR2.Reel.photo.29131185,,HK.SR2.Reel.photo.29131185,sr2,7.4.4,1,1
2026-09-13,mobile,iOS,or_poi_get_menu,,,HK.SR2.Overview.464326,,HK.SR2.Overview.464326,sr2Tab,7.9.0,1,1
2026-09-13,mobile,iOS,os_update,,,HK.Home.Explore.1,,,,7.16.0,1,1
2026-09-13,mobile,iOS,or_search_back,,,HK.AdvSearch.SR1.1,,HK.AdvSearch.SR1.1,,7.6.5,1,1
2026-09-13,mobile,iOS,or_poi_suggest_poi,,,HK.SR2.Overview.801889,,,,7.14.3,1,1
2026-09-13,mobile,iOS,or_deeplink_get_poi,,,HK.SR2.Reel.photo.28815446,,,,7.16.1,1,1
2026-09-13,mobile,iOS,or_search_back_dialog,,,HK.SR2.Overview.1008450,,HK.SR2.Overview.1008450,,7.14.4,1,1
2026-09-13,mobile,iOS,or_poi_popularDish,,,HK.SR2.photo.popularDish.499161,,HK.SR2.photo.popularDish.499161,,7.14.3,2,1
2026-09-13,mobile,iOS,or_poi_moreinfo,,,HK.SR2.Overview.748786,,HK.SR2.Overview.748786,sr2opening,7.5.1,1,1
2026-09-13,mobile,iOS,or_takeaway_order,,,HK.Takeaway.order.637788,,HK.Takeaway.order.637788,sr2OV,7.12.0,1,1
2026-09-13,mobile,iOS,or_poi_get_menu,,,HK.SR2.Overview.656622,,,sr2Tab,7.3.4,1,1
2026-09-13,mobile,iOS,or_chart_popular_preview,,,HK.Chart.Preview.Bookmarked,,HK.Chart.Preview.Bookmarked,ChartPopularPreview,7.8.1,1,1
2026-09-13,mobile,iOS,or_poi_moreinfo,,,HK.SR2.Overview.567076,,HK.SR2.Overview.567076,sr2MoreInfo,7.8.1,1,1
2026-09-13,mobile,iOS,or_search_back_dialog,,,HK.SR2.Overview.12333,,HK.SR2.Overview.12333,,7.9.4,1,1
2026-09-13,mobile,Android,or_poi_get_menu,,,HK.SR2.Menu.621315,,,sr2photoTab,5.15.0,15,1
2026-09-13,mobile,iOS,or_coupon_getdetails,,,HK.SR2.Overview.30667,,HK.SR2.Overview.30667,sr2OV,7.14.0,1,1
2026-09-13,mobile,iOS,or_tm_menu_offer_list,,,HK.SR2.Overview.3681,,HK.SR2.Overview.3681,(null),7.12.3,4,1
2026-09-13,mobile,iOS,or_app_openpush,,,,,,,7.15.0,2,2
2026-09-13,mobile,iOS,or_sr2_reel_media,,,HK.SR2.Reel.photo.29395144,,HK.SR2.Reel.photo.29395144,all,7.9.5,1,1
2026-09-13,mobile,iOS,or_poi_map,,,HK.SR2.Overview.813855,,HK.SR2.Overview.813855,,7.14.3,1,1
2026-09-13,mobile,iOS,or_search_quick,,,HK.QckSearch.SR1.1,,HK.QckSearch.SR1.1,sr1,7.8.1,17,10
2026-09-13,mobile,iOS,or_poi_moreinfo,,,HK.SR2.Overview.776665,,HK.SR2.Overview.776665,sr2opening,7.9.6,2,1
2026-09-13,mobile,iOS,or_tm_menu_offer_detail,,,HK.SR2.Overview.619452,,HK.SR2.Overview.619452,,7.10.3,1,1
2026-09-13,mobile,iOS,or_poi_doorPhoto,,,HK.QckSearch.SR1.6,,,Others,7.3.2,1,1
2026-09-13,mobile,iOS,or_search_back_dialog,,,HK.SR2.Overview.732611,,HK.SR2.Overview.732611,,7.9.5,1,1
2026-09-13,mobile,iOS,user_bookmark_poi,,,HK.SR2.Overview.1145579,,,sr2,7.4.2,2,1
2026-09-13,mobile,Android,or_app_start,,,,,,,6.1.2,6,3
2026-09-13,mobile,iOS,user_photo_info,,,HK..Reel.photo.29408145,,HK..Reel.photo.29408145,Reel,7.10.3,1,1
2026-09-13,mobile,iOS,or_search_get_poi,,,HK.SR1.Reel.photo.26876594,,,sr1,7.14.0,1,1
2026-09-13,mobile,iOS,or_search_all,,,HK.Search.SR1.2,,HK.Search.SR1.2,,7.14.4,2,2
2026-09-13,mobile,iOS,or_poi_map,,,HK.SR2.Overview.1127629,,HK.SR2.Overview.1127629,,7.12.3,1,1
2026-09-13,mobile,iOS,or_sr2_reel_media,,,HK.SR2.Reel.photo.29510266,,HK.SR2.Reel.photo.29510266,all,7.12.3,1,1
2026-09-13,mobile,iOS,or_search_back_dialog,,,HK.SR2.Overview.868007,,HK.SR2.Overview.868007,,7.17.0,1,1
2026-09-13,mobile,iOS,user_bookmark_poi,,,HK.Search.SR1.5,,HK.Search.SR1.5,sr1,7.17.2,1,1
2026-09-13,mobile,iOS,or_coupon_getdetails,,,HK.Coupon.397381,,HK.Coupon.397381,Others,7.9.2,1,1
2026-09-13,mobile,iOS,or_search_back_dialog,,,HK.SR2.Overview.794314,,HK.SR2.Overview.794314,,7.14.2,1,1
2026-09-13,mobile,iOS,or_search_back_dialog,,,MO.Home,,MO.Home,,7.11.0,1,1
2026-09-13,mobile,iOS,search_filter_Promotion,,,HK.SR2.photo.decor.757964,,,,7.9.1,1,1
2026-09-13,mobile,iOS,or_sr2_reel_media,,,HK.SR2.Reel.media.52747,,HK.SR2.Reel.media.52747,official,7.11.0,1,1
2026-09-13,mobile,iOS,poi_emenu_photo,,,HK.SR2.photo.menu.675435,,HK.SR2.photo.menu.675435,,7.17.2,5,1
2026-09-13,mobile,iOS,or_poi_moreinfo,,,HK.SR2.Overview.509890,,HK.SR2.Overview.509890,sr2opening,7.11.0,1,1
2026-09-13,mobile,iOS,or_deeplink_get_poi,,,HK.SR2.Overview.901518,,,,7.12.0,2,1
2026-09-13,mobile,iOS,or_sr2_reel_media,,,HK.SR2.photo.all.884089,,hk.SR2.photo.all.884089,,7.15.0,1,1
2026-09-13,mobile,iOS,or_poi_get_menu,,,HK.SR2.photo.680832,,HK.SR2.photo.680832,sr2PhotoTab,7.9.1,1,1
2026-09-13,mobile,iOS,or_poi_get_menu,,,HK.SR2.photo.decor.1145964,,HK.SR2.photo.decor.1145964,sr2PhotoTab,7.9.5,1,1
2026-09-13,mobile,iOS,or_poi_doorPhoto,,,HK.SR2.Overview.620837,,HK.SR2.Overview.620837,Others,7.17.2,1,1
2026-09-13,mobile,iOS,or_search_back_dialog,,,HK.SR2.Overview.624043,,HK.SR2.Overview.624043,,7.16.1,1,1
2026-09-13,mobile,iOS,or_coupon_getdetails,,,HK.SR2.Overview.701032,,HK.SR2.Overview.701032,sr2OV,7.10.3,1,1
2026-09-13,mobile,iOS,or_tm_succeed,,,HK.TM.booking.466406,,HK.TM.booking.466406,,7.11.0,1,1
2026-09-13,mobile,iOS,user_photo_info,,,HK.SR2.Reel.photo.27970477,,HK.SR2.Reel.photo.27970477,Reel,7.10.3,1,1
2026-09-13,mobile,iOS,or_search_back_dialog,,,HK.SR2.Overview.779174,,HK.SR2.Overview.779174,,7.9.0,3,1
2026-09-13,mobile,iOS,or_coupon_getdetails,,,HK.SR2.Overview.479120,,HK.SR2.Overview.479120,sr2OV,7.15.0,1,1
2026-09-13,mobile,iOS,or_search_get_poi,,,HK.QckSearch.SR1.17,,,sr1,7.4.4,1,1
2026-09-13,mobile,iOS,user_screenCap,,,HK.SR2.Overview.1754,,,,7.10.3,1,1
2026-09-13,mobile,iOS,or_search_get_poi,,,HK.SR1.Reel.photo.9721525,,,sr1,7.10.3,1,1
2026-09-13,mobile,iOS,or_poi_moreinfo,,,HK.SR2.Overview.802600,,,sr2opening,7.3.1,1,1
2026-09-13,mobile,iOS,or_poi_get_menu,,,HK.SR2.photo.decor.653230,,HK.SR2.photo.decor.653230,sr2PhotoTab,7.6.1,1,1
2026-09-13,mobile,iOS,or_search_back_dialog,,,HK.SR2.Overview.776616,,HK.SR2.Overview.776616,,7.9.5,1,1
2026-09-13,mobile,Android,user_myor,,,HK.Me,,HK.Me,btmBar,7.6.0,1,1
2026-09-13,mobile,iOS,or_search_back_dialog,,,HK.SR2.Overview.758127,,HK.SR2.Overview.758127,,7.12.0,1,1
2026-09-13,mobile,iOS,user_share_poi,,,HK.SR2.Overview.873721,,,sr2sharepop,7.12.3,1,1
2026-09-13,mobile,iOS,or_takeaway_order,,,HK.Takeaway.order.625510,,,menu,7.1.0,1,1
2026-09-13,mobile,iOS,or_poi_get_photos,,,HK.SR2.Overview.618146,,HK.SR2.Overview.618146,sr2photo,7.10.3,1,1
2026-09-13,mobile,iOS,or_changelocation,,,CN.Home.Explore.1,,,Index,7.14.4,1,1
2026-09-13,mobile,iOS,or_poi_get_photos,,,HK.SR2.Overview.999408,,HK.SR2.Overview.999408,sr2photo,7.10.0,1,1
2026-09-13,mobile,iOS,or_search_back_dialog,,,HK.SR2.Overview.168911,,HK.SR2.Overview.168911,,7.17.2,1,1
2026-09-13,mobile,iOS,or_selforder_order,,,HK.SR2.Overview.718205,,HK.SR2.Overview.718205,sr2Tab,7.6.3,1,1
2026-09-13,mobile,iOS,or_poi_get_photos_video,,,HK.SR2.photo.food.892036,,HK.SR2.photo.food.892036,sr2PhotoTab,7.12.1,1,1
2026-09-13,mobile,Android,user_media_fullscreen,,,HK.Sr2.Reel.photo.25685429,,HK.Sr2.Reel.photo.25685429,,7.14.2,1,1
2026-09-13,mobile,iOS,or_search_back_dialog,,,HK.QckSearch.SR1.1,,HK.QckSearch.SR1.1,,7.9.5,30,16
2026-09-13,mobile,iOS,or_poi_get_menu,,,HK.SR2.photo.760592,,,sr2PhotoTab,7.3.1,1,1
2026-09-13,mobile,iOS,or_poi_get_menu,,,HK.SR2.photo.decor.760072,,HK.SR2.photo.decor.760072,sr2PhotoTab,7.9.2,1,1
2026-09-13,mobile,iOS,or_sr2_reel_media,,,HK.SR2.Reel.media.53004,,HK.SR2.Reel.media.53004,official,7.11.0,1,1
2026-09-13,mobile,iOS,or_myor_bkmPOI,,,HK.Explore.1,,HK.Explore.1,btmBar,7.11.1,8,3
2026-09-13,mobile,iOS,or_selforder_order,,,HK.SR2.Overview.600121,,,sr2Tab,7.3.2,1,1
2026-09-13,mobile,iOS,or_poi_phone,,,HK.SR2.Overview.797706,,,sr2basic,7.13.2,1,1
2026-09-13,mobile,iOS,or_poi_review_back,,,HK.SR2.review.885807,,HK.SR2.review.885807,,7.6.2,1,1
2026-09-13,mobile,iOS,or_poi_review_back,,,HK.SR2.review.506166,,HK.SR2.review.506166,,7.6.1,1,1
2026-09-13,mobile,iOS,or_poi_get_photos_video,,,HK.SR2.Overview.861626,,HK.SR2.Overview.861626,sr2PhotoTab,7.16.0,1,1
2026-09-13,mobile,iOS,or_poi_doorPhoto,,,HK.SR2.Overview.1017744,,HK.SR2.Overview.1017744,Others,7.4.2,1,1
2026-09-13,mobile,iOS,or_poi_moreinfo,,,HK.SR2.Overview.63,,HK.SR2.Overview.63,sr2MoreInfo,7.14.3,1,1
2026-09-13,mobile,iOS,or_deeplink_get_poi,,,HK.SR2.Overview.798030,,,,7.9.5,1,1
2026-09-13,mobile,iOS,or_poi_popularDish,,,HK.SR2.Reel.photo.28460598,,HK.SR2.photo.menu.7601,sr2PhotoTab,7.12.1,1,1
2026-09-13,mobile,iOS,or_takeaway_order,,,HK.Takeaway.order.450163,,HK.Takeaway.order.450163,sr2Tab,7.9.0,2,1
2026-09-13,mobile,iOS,or_poi_moreinfo,,,HK.SR2.Overview.774786,,HK.SR2.Overview.774786,sr2opening,7.14.2,1,1
2026-09-13,mobile,iOS,or_search_all,,,HK.Search.SR1.4,,HK.Search.SR1.4,OfferSR1,7.17.2,1,1
2026-09-13,mobile,iOS,or_search_back_dialog,,,HK.SR2.Overview.1142590,,HK.SR2.Overview.1142590,,7.15.0,1,1
2026-09-13,mobile,iOS,or_explore_reel_media,,,HK.Home,,hk.Home.Explore.1,,7.11.0,1,1
2026-09-13,mobile,iOS,or_explore_reel,,,HK.SR2.Menu.14730,,HK.SR2.Menu.14730,sr2,7.4.4,10,1
2026-09-13,mobile,iOS,search_filter_Promotion,,,HK.SR2.Overview.449104,,HK.SR2.Overview.449104,,7.9.6,1,1
2026-09-13,mobile,iOS,or_poi_get_photos,,,HK.SR2.Overview.1000131,,HK.SR2.Overview.1000131,sr2photo,7.10.2,1,1
2026-09-13,mobile,Android,or_search_quick,,,.QckSearch.SR1.2,,,,5.9.12,1,1
2026-09-13,mobile,iOS,myor_search_bkmPOI,,,HK.login,,,,7.3.5,1,1
2026-09-13,mobile,iOS,view_overview_Promotion,,,HK.SR2.Overview.845241,,,,7.6.5,1,1
2026-09-13,mobile,iOS,or_poi_moreinfo,,,HK.SR2.Overview.739527,,HK.SR2.Overview.739527,sr2MoreInfo,7.16.1,1,1
2026-09-13,mobile,iOS,or_selforder_order,,,HK.SR2.Overview.92715,,HK.SR2.Overview.92715,sr2Tab,7.17.1,1,1
2026-09-13,mobile,iOS,or_search_offer,,,HK.Offer.SR1.32,,HK.Offer.SR1.32,sr1,7.14.0,1,1
2026-09-13,mobile,iOS,or_search_offer,,,HK.QckSearch.SR1.4,,HK.QckSearch.SR1.4,sr1,7.6.2,1,1
2026-09-13,mobile,Android,or_takeaway_order,,,HK.SR2.overview.757129,,,sr2Tab,6.1.2,1,1
2026-09-13,mobile,iOS,or_coupon_getdetails,,,HK.TM.booking.805270,,HK.TM.booking.805270,Others,7.14.1,1,1
2026-09-13,mobile,iOS,or_tm_menu_offer_detail,,,HK.SR2.Overview.838457,,HK.SR2.Overview.838457,,7.9.6,1,1
2026-09-13,mobile,iOS,or_poi_get_menu,,,HK.SR2.photo.decor.994917,,HK.SR2.photo.decor.994917,sr2PhotoTab,7.9.1,1,1
2026-09-13,mobile,iOS,or_poi_suggest_poi,,,HK.SR2.Overview.1005306,,,,7.11.1,2,1
2026-09-13,mobile,Android,or_search_offer,,,HK.Offer.SR1.89,,hk.Search.SR1.1,sr1,7.17.1,1,1
2026-09-13,mobile,iOS,or_search_back_dialog,,,HK.SR2.Overview.881033,,HK.SR2.Overview.881033,,7.4.3,1,1
2026-09-13,mobile,iOS,or_search_get_poi,,,HK.SR1.Reel.photo.29401887,,,sr1,7.10.2,1,1
2026-09-13,mobile,iOS,or_poi_moreinfo,,,HK.SR2.Overview.1139426,,HK.SR2.Overview.1139426,sr2MoreInfo,7.14.1,1,1
2026-09-13,mobile,iOS,or_poi_get_menu,,,HK.SR2.photo.decor.2324,,HK.SR2.photo.decor.2324,sr2PhotoTab,7.9.5,1,1
2026-09-13,mobile,iOS,user_screenCap,,,HK.SR2.Overview.848956,,,,7.12.3,1,1
2026-09-13,mobile,Android,or_poi_get_photos_all_food,,,HK.SR2.photo.food.,,HK.SR2.photo.popularDish.167516,sr2photoTab,7.16.0,1,1
2026-09-13,mobile,iOS,or_search_quick,,,,,(null),,7.11.0,1,1
2026-09-13,mobile,Android,impression_photo,,,HK.Photo.SR1.2,,,PhotoSR1,7.1.0,4,1
2026-09-13,mobile,iOS,user_bookmark_poi,,,HK.SR2.Overview.1142434,,,screenCap,7.9.4,1,1
2026-09-13,mobile,iOS,or_poi_popularDish,,,HK.SR2.photo.menu.711483,,HK.SR2.photo.menu.711483,sr2PhotoTab,7.11.0,1,1
2026-09-13,mobile,iOS,or_poi_map,,,HK.SR2.Overview.670,,HK.SR2.Overview.670,,7.6.6,1,1
2026-09-13,mobile,iOS,or_takeaway_order,,,HK.Takeaway.order.802255,,HK.Takeaway.order.802255,sr2Tab,7.14.1,1,1
2026-09-13,mobile,iOS,myor_search_bkmPOI,,,HK.MyBookmarkedPOI.1,,HK.MyBookmarkedPOI.1,,7.13.2,1,1
2026-09-13,mobile,iOS,or_search_back,,,HK.Offer.SR1.2,,HK.Offer.SR1.2,,7.6.6,1,1
2026-09-13,mobile,iOS,or_search_back_dialog,,,HK.Search.SR1.1,,HK.Search.SR1.1,,7.10.0,6,3
2026-09-13,mobile,iOS,or_poi_popularDish,,,HK.SR2.Overview.192028,,HK.SR2.Overview.192028,sr2popular,7.6.2,1,1
2026-09-13,mobile,iOS,or_poi_moreinfo,,,HK.SR2.Overview.864193,,HK.SR2.Overview.864193,sr2MoreInfo,7.14.3,1,1
2026-09-13,mobile,iOS,or_search_quick,,,HK.QckSearch,,HK.Search.SR1.1,qcksearch,7.16.1,281,166
2026-09-13,mobile,iOS,or_search_quick,,,HK.SR2.Overview.567428,,HK.SR2.Overview.567428,,7.14.2,1,1
2026-09-13,mobile,iOS,or_poi_review_back,,,HK.SR2.review.792276,,HK.SR2.review.792276,,7.9.0,1,1
2026-09-13,mobile,iOS,or_tm_succeed,,,HK.TM.booking.652293,,HK.TM.booking.652293,,7.17.2,1,1
2026-09-13,mobile,iOS,or_poi_shortlist,,,HK.SR2.Overview.821775,,,,7.17.2,1,1
2026-09-13,mobile,Android,impression_photo,,,HK.Photo.SR1.2,,hk.Photo.SR1.1,PhotoSR1,7.9.3,1,1
2026-09-13,mobile,iOS,or_poi_popularDish,,,HK.SR2.Reel.media.57313,,HK.SR2.photo.food.506299,sr2PhotoTab,7.16.1,1,1
2026-09-13,mobile,iOS,or_poi_review_back,,,JP.SR2.review.313462,,JP.SR2.review.313462,,7.17.2,1,1
2026-09-13,mobile,iOS,or_myor_upcomingBooking,,,HK.MyUpcomingBooking,,,,7.14.2,4,3
2026-09-13,mobile,iOS,or_poi_popularDish,,,HK.SR2.Overview.991623,,HK.SR2.Overview.991623,sr2popular,7.16.1,2,1
2026-09-13,mobile,iOS,or_search_back_dialog,,,HK.QckSearch.SR1.6,,HK.QckSearch.SR1.6,,7.6.6,2,2
2026-09-13,mobile,iOS,or_poi_get_photos,,,HK.SR2.Overview.46255,,HK.SR2.Overview.46255,sr2allphoto,7.5.4,1,1
2026-09-13,mobile,iOS,or_poi_doorPhoto,,,HK.SR2.Overview.1113182,,HK.SR2.Overview.1113182,Others,7.4.3,1,1
2026-09-13,mobile,iOS,or_search_quick,,,HK.SR2.Overview.991623,,HK.SR2.Overview.991623,,7.14.4,1,1
2026-09-13,mobile,iOS,or_takeaway_order,,,HK.Takeaway.order.575892,,HK.Takeaway.order.575892,sr2OV,7.6.5,1,1
2026-09-13,mobile,iOS,or_poi_get_menu,,,HK.SR2.Overview.999021,,HK.SR2.Overview.999021,sr2Tab,7.9.2,1,1
2026-09-13,mobile,iOS,or_tm_dtsedit,,,HK.TM.booking.498914,,,booknow,7.11.0,1,1
2026-09-13,mobile,iOS,or_takeaway_order,,,HK.Takeaway.order.783919,,HK.Takeaway.order.783919,sr2Tab,7.6.6,1,1
2026-09-13,mobile,iOS,or_poi_review_back,,,HK.SR2.review.517915,,HK.SR2.review.517915,,7.17.2,2,1
2026-09-13,mobile,iOS,or_poi_get_menu,,,HK.SR2.photo.753669,,HK.SR2.photo.753669,sr2PhotoTab,7.8.0,1,1
2026-09-13,mobile,iOS,or_poi_get_photos,,,HK.SR2.Overview.891789,,HK.SR2.Overview.891789,sr2allphoto,7.6.3,1,1
2026-09-13,mobile,Android,or_explore_reel_media,,,HK.Explore.Reel.Media.54577,,hk.Explore.1,Explore,7.17.0,1,1
2026-09-13,mobile,iOS,or_poi_get_menu,,,HK.SR2.Overview.10082,,HK.SR2.Overview.10082,sr2Tab,7.8.0,1,1
2026-09-13,mobile,iOS,or_poi_get_menu,,,HK.SR2.Reel.photo.23097692,,HK.SR2.photo.menu.621646,,7.10.1,1,1
2026-09-13,mobile,iOS,user_login_info,,,HK.Home,,,mypop,7.16.2,1,1
2026-09-13,mobile,iOS,or_poi_moreinfo,,,HK.SR2.Overview.6151,,HK.SR2.Overview.6151,sr2MoreInfo,7.14.3,1,1
2026-09-13,mobile,iOS,or_poi_map,,,HK.SR2.Overview.5976,,HK.SR2.Overview.5976,,7.15.0,1,1
2026-09-13,mobile,iOS,or_poi_get_menu,,,HK.SR2.Reel.photo.27725761,,HK.SR2.Reel.photo.27725761,,7.9.2,1,1
2026-09-13,mobile,iOS,or_poi_review_back,,,HK.SR2.review.1127454,,HK.SR2.review.1127454,,7.9.6,3,1
2026-09-13,mobile,iOS,or_poi_phone,,,HK.SR2.Overview.600121,,,sr2basic,7.15.0,1,1
2026-09-13,mobile,iOS,or_takeaway_pay,,,HK.SelfOrder.payment.821747,,,payment,7.9.6,1,1
2026-09-13,mobile,iOS,or_poi_review_back,,,HK.SR2.review.1139841,,HK.SR2.review.1139841,,7.9.2,1,1
2026-09-13,mobile,Android,user_share_poi,,,HK.SR2.overview.997715,,,sr2sharepop,7.17.0,1,1
2026-09-13,mobile,iOS,or_poi_get_menu,,,HK.SR2.Overview.746691,,HK.SR2.Overview.746691,sr2Tab,7.4.3,1,1
2026-09-13,mobile,iOS,or_search_back_dialog,,,HK.SR2.Overview.793113,,HK.SR2.Overview.793113,,7.13.0,1,1
2026-09-13,mobile,iOS,or_search_get_poi,,,HK.SR1.Reel.photo.21315421,,,sr1,7.10.2,1,1
2026-09-13,mobile,iOS,or_poi_get_photos,,,HK.SR2.Overview.111504,,,sr2photo,7.3.5,1,1
2026-09-13,mobile,iOS,or_poi_get_photos_video,,,HK.SR2.photo.popularDish.712269,,HK.SR2.photo.popularDish.712269,sr2PhotoTab,7.10.2,1,1
2026-09-13,mobile,iOS,voucher_place_order,,,HK.voucher.checkout.396367,,HK.voucher.checkout.396367,,7.12.3,1,1
2026-09-13,mobile,iOS,or_poi_get_menu,,,HK.SR2.Reel.photo.27637055,,HK.SR2.Reel.photo.27637055,,7.5.4,1,1
2026-09-13,mobile,Android,impression_ad_1,,,HK.MyBookmarkedPOI.1,,hk.Search.SR1.1,,7.15.0,33,4
2026-09-13,mobile,iOS,user_share_poi,,,HK.SR2.Overview.770177,,,sr2sharepop,7.9.5,1,1
2026-09-13,mobile,Android,or_poi_popularDish,,,HK.SR2.popularDish.list.581575,,HK.SR2.overview.581575,sr2,7.9.4,1,1
2026-09-13,mobile,iOS,or_poi_popularDish,,,HK.SR2.Overview.865662,,HK.SR2.Overview.865662,sr2popular,7.17.2,1,1
2026-09-13,mobile,iOS,or_poi_get_photos_video,,,HK.SR2.photo.popularDish.39293,,HK.SR2.photo.popularDish.39293,sr2PhotoTab,7.17.2,1,1
2026-09-13,mobile,iOS,or_search_offer,,,HK.Offer.SR1.5,,HK.Offer.SR1.5,sr1,7.14.4,2,2
2026-09-13,mobile,iOS,or_poi_moreinfo,,,HK.SR2.Overview.1126424,,HK.SR2.Overview.1126424,sr2opening,7.12.1,2,1
2026-09-13,mobile,iOS,or_poi_get_photos,,,HK.SR2.photo.800252,,HK.SR2.photo.800252,,7.6.5,1,1
2026-09-13,mobile,iOS,or_poi_moreinfo,,,HK.SR2.Overview.1120554,,HK.SR2.Overview.1120554,sr2MoreInfo,7.9.6,1,1
2026-09-13,mobile,iOS,or_poi_get_photos,,,HK.SR2.photo.96362,,HK.SR2.photo.96362,,7.9.0,1,1
2026-09-13,mobile,iOS,view_SR1_Promotion,,,HK.QckSearch.SR1.8,,,,7.3.3,1,1
2026-09-13,mobile,iOS,or_poi_get_menu,,,HK.SR2.Overview.762189,,HK.SR2.Overview.762189,sr2Tab,7.10.3,1,1
2026-09-13,mobile,iOS,or_takeaway_order,,,HK.Takeaway.order.760396,,HK.Takeaway.order.760396,sr2Tab,7.14.3,1,1
2026-09-13,mobile,iOS,or_poi_doorPhoto,,,HK.SR2.Overview.1116487,,HK.SR2.Overview.1116487,Others,7.11.1,1,1
2026-09-13,tablet,iOS,or_poi_get_menu,,,HK.SR2.Overview.1107069,,HK.SR2.Overview.1107069,sr2Tab,7.7.1,1,1
2026-09-13,mobile,iOS,or_sr2_reel_media,,,HK.SR2.Reel.media.41421,,HK.SR2.Reel.media.41421,food,7.9.5,1,1
2026-09-13,mobile,iOS,or_search_back_dialog,,,HK.SR2.Overview.882569,,HK.SR2.Overview.882569,,7.14.3,1,1
2026-09-13,mobile,iOS,or_poi_map,,,HK.SR2.Overview.792747,,,,7.3.4,1,1
2026-09-13,mobile,iOS,or_search_back_dialog,,,HK.SR2.Overview.435952,,HK.SR2.Overview.435952,,7.14.3,1,1
2026-09-13,mobile,Android,or_qcksearch,,,,,hk.Home,,7.14.5,26,20
2026-09-13,mobile,iOS,or_poi_moreinfo,,,HK.SR2.Overview.796032,,HK.SR2.Overview.796032,sr2MoreInfo,7.9.6,1,1
2026-09-13,mobile,iOS,or_search_back_dialog,,,HK.SR2.Overview.797158,,HK.SR2.Overview.797158,,7.14.4,1,1
2026-09-13,mobile,iOS,or_poi_phone,,,HK.SR2.Overview.566808,,,sr2info,7.12.0,1,1
2026-09-13,mobile,iOS,or_search_quick,,,HK.LMS2Lite.9317.tab.-990.1,,HK.LMS2Lite.9317.tab.-990.1,,7.14.4,2,2
2026-09-13,mobile,iOS,or_poi_get_photos,,,HK.SR2.Overview.890204,,,sr2allphoto,7.3.5,1,1
2026-09-13,mobile,iOS,or_poi_get_photos,,,HK.SR2.photo.556630,,,,7.3.1,2,1
2026-09-13,mobile,iOS,or_poi_get_photos,,,HK.SR2.Overview.892458,,HK.SR2.Overview.892458,sr2photo,7.6.2,1,1
2026-09-13,mobile,iOS,or_poi_moreinfo,,,HK.SR2.Overview.474527,,HK.SR2.Overview.474527,sr2MoreInfo,7.11.1,1,1
2026-09-13,mobile,iOS,or_map_get_poi,,,HK.Search.Maps,,,,7.12.3,32,5
2026-09-13,mobile,iOS,or_search_back_dialog,,,HK.SR2.Overview.757003,,HK.SR2.Overview.757003,,7.9.5,1,1
2026-09-13,mobile,iOS,or_poi_get_menu,,,HK.SR2.Reel.photo.28106803,,HK.SR2.photo.menu.547186,,7.10.2,1,1
2026-09-13,mobile,iOS,or_search_back_dialog,,,HK.SR2.Overview.876108,,HK.SR2.Overview.876108,,7.5.1,1,1
2026-09-13,mobile,iOS,user_share_poi,,,HK.SR2.Overview.514588,,,sr2sharepop,7.13.2,2,1
2026-09-13,mobile,iOS,or_poi_get_menu,,,HK.SR2.Overview.689141,,HK.SR2.Overview.689141,sr2Tab,7.9.6,1,1
2026-09-13,mobile,iOS,or_poi_moreinfo,,,HK.SR2.Map.679475,,HK.SR2.Map.679475,sr2opening,7.5.3,1,1
2026-09-13,mobile,iOS,or_poi_get_photos,,,HK.SR2.Overview.743653,,HK.SR2.Overview.743653,sr2allphoto,7.7.1,1,1
2026-09-13,mobile,iOS,or_search_back_dialog,,,HK.SR2.Overview.900786,,HK.SR2.Overview.900786,,7.12.3,1,1
2026-09-13,mobile,Android,view_SR1_Promotion,,,HK.QckSearch.SR1.2,,,,5.19.1,1,1
2026-09-13,mobile,Android,or_poi_moreinfo,,,HK.SR2.overview.1007004,,,sr2moreinfo,7.10.4,1,1
2026-09-13,mobile,Android,or_poi_phone,,,HK.SR2.overview.814270,,,sr2basic,7.1.0,1,1
2026-09-13,mobile,iOS,or_poi_get_menu,,,HK.SR2.Overview.1004583,,HK.SR2.Overview.1004583,sr2Tab,7.10.3,1,1
2026-09-13,mobile,Android,or_search_back,,,HK.Photo.SR1.1,,HK.QckSearch.SR1.1,SR1,7.9.4,4,2
2026-09-13,mobile,iOS,or_poi_review_smile,,,HK.SR2.review.1119087,,HK.SR2.review.1119087,sr2reviewTab,7.11.1,1,1
2026-09-13,mobile,iOS,or_bookmark_get_poi,,,HK.MyBookmarkedPOI.2,,,mybmk,7.9.6,15,5
2026-09-13,mobile,iOS,or_poi_moreinfo,,,HK.SR2.Overview.153,,HK.SR2.Overview.153,sr2opening,7.14.4,2,2
2026-09-13,mobile,iOS,or_sr2_reel_media,,,HK.SR2.Reel.media.35258,,HK.SR2.Reel.media.35258,official,7.12.3,1,1
2026-09-13,mobile,iOS,or_poi_get_photos,,,HK.SR2.Menu.26605,,HK.SR2.Menu.26605,sr2PhotoTab,7.9.6,1,1
2026-09-13,mobile,iOS,or_poi_get_photos,,,HK.SR2.Overview.1127433,,HK.SR2.Overview.1127433,sr2allphoto,7.4.2,1,1
2026-09-13,mobile,iOS,or_poi_get_menu,,,HK.SR2.photo.18164,,HK.SR2.photo.18164,sr2PhotoTab,7.9.5,1,1
2026-09-13,mobile,Android,or_app_start,,,,,HK.LMS2Lite.34.tab.-990.4,,7.16.0,1,1
2026-09-13,mobile,iOS,or_search_back_dialog,,,HK.SR2.Overview.1142315,,HK.SR2.Overview.1142315,,7.5.1,1,1
2026-09-13,mobile,Android,or_app_start,,,,,,,6.3.4,1,1
2026-09-13,mobile,iOS,or_explore_reel,,,HK.SR2.photo.20009,,HK.SR2.photo.20009,sr2,7.4.3,2,1