SessionId,DeviceId,event_timeline,journey,entry_source
178112,2c1ec027-be02-4201-a8ce-09c4ca6031b2,"[
  ""or.app.resume"",
  ""or.app.start"",
  ""or.qcksearch"",
  ""or.search.quick"",
  ""impression.poi"",
  ""impression.poi"",
  ""impression.poi"",
  ""impression.poi"",
  ""or.search.get-poi"",
  ""or.poi.get-details"",
  ""or.poi.get-overview"",
  ""or.takeaway.order"",
  ""or.takeaway.checkout"",
  ""or.takeaway.place-order"",
  ""or.app.resume"",
  ""or.takeaway.pay"",
  ""or.app.resume"",
  ""or.app.resume"",
  ""or.app.resume""
]","[
  ""重新載入 App"",
  ""開啟 App"",
  ""開啟快速搜尋"",
  ""搜尋餐廳"",
  ""瀏覽POI"",
  ""瀏覽POI"",
  ""瀏覽POI"",
  ""瀏覽POI"",
  ""從搜尋結果進入 POI"",
  ""載入 POI 詳情"",
  ""載入 POI 概覽"",
  ""進入外賣自取點餐頁/菜單"",
  ""前往結帳"",
  ""確認下單"",
  ""重新載入 App"",
  ""付款"",
  ""重新載入 App"",
  ""重新載入 App"",
  ""重新載入 App""
]",Search
127050,1f894cab868b116f,"[
  ""or.poi.get-overview"",
  ""or.poi.get-details"",
  ""or.poi.get-overview"",
  ""or.poi.get-details"",
  ""or.poi.back"",
  ""or.poi.back"",
  ""or.search.quick"",
  ""or.search.quick"",
  ""impression.poi"",
  ""or.search.layer"",
  ""or.qcksearch"",
  ""or.search.layer"",
  ""impression.poi"",
  ""or.qcksearch"",
  ""or.search.layer"",
  ""or.search.layer"",
  ""or.search.layer.record"",
  ""or.poi.get-overview"",
  ""or.poi.get-details"",
  ""or.search.layer.record"",
  ""or.poi.get-overview"",
  ""or.poi.get-details"",
  ""or.app.resume"",
  ""or.app.resume"",
  ""or.takeaway.order"",
  ""or.poi.get-photos.food"",
  ""or.takeaway.order"",
  ""or.poi.get-photos.food"",
  ""poi.emenu.get-item"",
  ""poi.emenu.get-item"",
  ""poi.emenu.get-item"",
  ""poi.emenu.get-item"",
  ""poi.emenu.get-item"",
  ""poi.emenu.get-item"",
  ""poi.emenu.get-item"",
  ""poi.emenu.get-item"",
  ""poi.emenu.get-item"",
  ""poi.emenu.get-item"",
  ""poi.emenu.get-item"",
  ""poi.emenu.get-item"",
  ""poi.emenu.get-item"",
  ""poi.emenu.get-item"",
  ""poi.emenu.get-item"",
  ""poi.emenu.get-item"",
  ""poi.emenu.get-item"",
  ""poi.emenu.get-item"",
  ""poi.emenu.get-item"",
  ""poi.emenu.get-item"",
  ""poi.emenu.get-item"",
  ""poi.emenu.get-item"",
  ""or.takeaway.checkout"",
  ""or.takeaway.checkout"",
  ""or.takeaway.place-order"",
  ""or.takeaway.place-order"",
  ""or.takeaway.pay"",
  ""or.takeaway.pay""
]","[
  ""載入 POI 概覽"",
  ""載入 POI 詳情"",
  ""載入 POI 概覽"",
  ""載入 POI 詳情"",
  ""離開 POI 頁面"",
  ""離開 POI 頁面"",
  ""搜尋餐廳"",
  ""搜尋餐廳"",
  ""瀏覽POI"",
  ""搜尋頁面"",
  ""開啟快速搜尋"",
  ""搜尋頁面"",
  ""瀏覽POI"",
  ""開啟快速搜尋"",
  ""搜尋頁面"",
  ""搜尋頁面"",
  ""使用搜尋紀錄"",
  ""載入 POI 概覽"",
  ""載入 POI 詳情"",
  ""使用搜尋紀錄"",
  ""載入 POI 概覽"",
  ""載入 POI 詳情"",
  ""重新載入 App"",
  ""重新載入 App"",
  ""進入外賣自取點餐頁/菜單"",
  ""載入餐廳食物相片"",
  ""進入外賣自取點餐頁/菜單"",
  ""載入餐廳食物相片"",
  ""選擇食物"",
  ""選擇食物"",
  ""選擇食物"",
  ""選擇食物"",
  ""選擇食物"",
  ""選擇食物"",
  ""選擇食物"",
  ""選擇食物"",
  ""選擇食物"",
  ""選擇食物"",
  ""選擇食物"",
  ""選擇食物"",
  ""選擇食物"",
  ""選擇食物"",
  ""選擇食物"",
  ""選擇食物"",
  ""選擇食物"",
  ""選擇食物"",
  ""選擇食物"",
  ""選擇食物"",
  ""選擇食物"",
  ""選擇食物"",
  ""前往結帳"",
  ""前往結帳"",
  ""確認下單"",
  ""確認下單"",
  ""付款"",
  ""付款""
]",Search
925466,e5f59098851843a7,"[
  ""or.app.start"",
  ""or.app.start"",
  ""or.qcksearch"",
  ""or.search.layer"",
  ""or.search.layer"",
  ""or.search.layer.tips"",
  ""impression.poi"",
  ""impression.poi"",
  ""or.poi.get-overview"",
  ""or.search.get-poi"",
  ""or.poi.get-details"",
  ""or.poi.get-photos.menu"",
  ""or.takeaway.order"",
  ""poi.emenu.get-item"",
  ""or.takeaway.checkout"",
  ""or.app.resume"",
  ""or.app.resume"",
  ""or.takeaway.place-order"",
  ""or.takeaway.pay"",
  ""or.app.resume"",
  ""or.app.start"",
  ""or.app.start""
]","[
  ""開啟 App"",
  ""開啟 App"",
  ""開啟快速搜尋"",
  ""搜尋頁面"",
  ""搜尋頁面"",
  ""使用搜尋提示"",
  ""瀏覽POI"",
  ""瀏覽POI"",
  ""載入 POI 概覽"",
  ""從搜尋結果進入 POI"",
  ""載入 POI 詳情"",
  ""載入餐廳菜單相片"",
  ""進入外賣自取點餐頁/菜單"",
  ""選擇食物"",
  ""前往結帳"",
  ""重新載入 App"",
  ""重新載入 App"",
  ""確認下單"",
  ""付款"",
  ""重新載入 App"",
  ""開啟 App"",
  ""開啟 App""
]",Search
119842,1daf763b-8da1-4b2f-b824-12d558a8ffda,"[
  ""or.app.resume"",
  ""impression.poi"",
  ""impression.poi"",
  ""impression.poi"",
  ""user.bookmark.poi"",
  ""or.takeaway.order"",
  ""or.takeaway.checkout"",
  ""or.takeaway.place-order"",
  ""or.takeaway.pay"",
  ""or.app.resume"",
  ""or.app.openpush"",
  ""or.app.resume"",
  ""or.app.resume""
]","[
  ""重新載入 App"",
  ""瀏覽POI"",
  ""瀏覽POI"",
  ""瀏覽POI"",
  ""新增收藏"",
  ""進入外賣自取點餐頁/菜單"",
  ""前往結帳"",
  ""確認下單"",
  ""付款"",
  ""重新載入 App"",
  ""從 push notification 開啟 App"",
  ""重新載入 App"",
  ""重新載入 App""
]",
252253,3ea40686-e25e-4ccb-9887-64c71db37c78,"[
  ""or.app.resume"",
  ""or.qcksearch"",
  ""or.poi.get-details"",
  ""or.takeaway.order"",
  ""or.app.resume"",
  ""or.app.resume"",
  ""or.takeaway.checkout"",
  ""or.takeaway.place-order"",
  ""or.app.resume"",
  ""or.takeaway.pay"",
  ""or.myor.orderList"",
  ""or.app.resume"",
  ""or.app.resume"",
  ""or.app.resume"",
  ""or.app.resume"",
  ""or.app.resume"",
  ""or.app.resume"",
  ""or.app.start"",
  ""or.qcksearch"",
  ""or.poi.get-details"",
  ""or.poi.get-reviews"",
  ""or.poi.review.back"",
  ""or.takeaway.order"",
  ""or.app.resume""
]","[
  ""重新載入 App"",
  ""開啟快速搜尋"",
  ""載入 POI 詳情"",
  ""進入外賣自取點餐頁/菜單"",
  ""重新載入 App"",
  ""重新載入 App"",
  ""前往結帳"",
  ""確認下單"",
  ""重新載入 App"",
  ""付款"",
  ""載入「我的訂單」列表"",
  ""重新載入 App"",
  ""重新載入 App"",
  ""重新載入 App"",
  ""重新載入 App"",
  ""重新載入 App"",
  ""重新載入 App"",
  ""開啟 App"",
  ""開啟快速搜尋"",
  ""載入 POI 詳情"",
  ""載入餐廳評論"",
  ""離開餐廳評論"",
  ""進入外賣自取點餐頁/菜單"",
  ""重新載入 App""
]",Search
818327,cb512dc0-6f1c-4824-8d2e-e08565916438,"[
  ""or.app.resume"",
  ""or.app.start"",
  ""or.qcksearch"",
  ""or.search.quick"",
  ""impression.poi"",
  ""impression.poi"",
  ""or.takeaway.order"",
  ""or.app.resume"",
  ""or.takeaway.checkout"",
  ""or.app.resume"",
  ""or.takeaway.place-order"",
  ""or.app.resume"",
  ""or.takeaway.pay""
]","[
  ""重新載入 App"",
  ""開啟 App"",
  ""開啟快速搜尋"",
  ""搜尋餐廳"",
  ""瀏覽POI"",
  ""瀏覽POI"",
  ""進入外賣自取點餐頁/菜單"",
  ""重新載入 App"",
  ""前往結帳"",
  ""重新載入 App"",
  ""確認下單"",
  ""重新載入 App"",
  ""付款""
]",Search
240829,3bc6f903023545c0,"[
  ""or.app.start"",
  ""or.app.start"",
  ""or.search.themelist.takeaway"",
  ""or.takeaway.order"",
  ""or.poi.get-photos.food"",
  ""poi.emenu.get-item"",
  ""or.takeaway.checkout"",
  ""or.takeaway.place-order"",
  ""or.takeaway.pay"",
  ""or.app.resume"",
  ""or.app.resume"",
  ""or.app.resume"",
  ""or.app.start"",
  ""or.app.openpush""
]","[
  ""開啟 App"",
  ""開啟 App"",
  ""點擊外賣自取按鈕"",
  ""進入外賣自取點餐頁/菜單"",
  ""載入餐廳食物相片"",
  ""選擇食物"",
  ""前往結帳"",
  ""確認下單"",
  ""付款"",
  ""重新載入 App"",
  ""重新載入 App"",
  ""重新載入 App"",
  ""開啟 App"",
  ""從 push notification 開啟 App""
]",TakeawayButton
967536,f056f88d-d2ad-4051-af5b-0b81ecd249bf,"[
  ""or.app.resume"",
  ""or.qcksearch"",
  ""or.poi.get-details"",
  ""or.takeaway.order"",
  ""or.takeaway.checkout"",
  ""or.takeaway.place-order"",
  ""or.app.resume"",
  ""or.takeaway.pay"",
  ""or.app.resume"",
  ""or.app.resume"",
  ""or.app.resume"",
  ""or.myor.orderList"",
  ""or.qcksearch"",
  ""or.search.layer"",
  ""or.search.nearby"",
  ""impression.sponsor.poi"",
  ""impression.poi"",
  ""or.search.layer"",
  ""or.search.layer.tips"",
  ""or.poi.get-details"",
  ""or.poi.get-overview"",
  ""or.poi.map"",
  ""impression.poi"",
  ""impression.poi"",
  ""impression.poi""
]","[
  ""重新載入 App"",
  ""開啟快速搜尋"",
  ""載入 POI 詳情"",
  ""進入外賣自取點餐頁/菜單"",
  ""前往結帳"",
  ""確認下單"",
  ""重新載入 App"",
  ""付款"",
  ""重新載入 App"",
  ""重新載入 App"",
  ""重新載入 App"",
  ""載入「我的訂單」列表"",
  ""開啟快速搜尋"",
  ""搜尋頁面"",
  ""附近餐廳搜尋"",
  ""瀏覽贊助餐廳"",
  ""瀏覽POI"",
  ""搜尋頁面"",
  ""使用搜尋提示"",
  ""載入 POI 詳情"",
  ""載入 POI 概覽"",
  ""查看餐廳地圖"",
  ""瀏覽POI"",
  ""瀏覽POI"",
  ""瀏覽POI""
]",Search
693064,ac224d2f-4326-4a83-b662-ea697ee607b1,"[
  ""or.app.resume"",
  ""or.app.start"",
  ""myor.search.bkmPOI"",
  ""or.myor.bkmPOI"",
  ""myor.search.bkmPOI"",
  ""impression.poi"",
  ""or.takeaway.order"",
  ""or.takeaway.view-basket"",
  ""or.takeaway.checkout"",
  ""or.takeaway.place-order"",
  ""or.takeaway.pay"",
  ""or.app.resume"",
  ""or.myor.orderList""
]","[
  ""重新載入 App"",
  ""開啟 App"",
  ""從收藏清單搜尋收藏 POI "",
  ""從收藏清單選擇餐廳"",
  ""從收藏清單搜尋收藏 POI "",
  ""瀏覽POI"",
  ""進入外賣自取點餐頁/菜單"",
  ""查看外賣購物籃"",
  ""前往結帳"",
  ""確認下單"",
  ""付款"",
  ""重新載入 App"",
  ""載入「我的訂單」列表""
]",Bookmark
573457,8e82b9d6-fc46-4090-ae71-8b74568fddc7,"[
  ""or.app.resume"",
  ""or.app.start"",
  ""or.qcksearch"",
  ""or.search.layer"",
  ""or.search.layer.tips"",
  ""impression.poi"",
  ""impression.poi"",
  ""impression.poi"",
  ""impression.poi"",
  ""or.poi.get-details"",
  ""or.poi.get-overview"",
  ""or.search.get-poi"",
  ""or.poi.get-photos.all"",
  ""impression.explore"",
  ""impression.explore"",
  ""impression.explore"",
  ""impression.explore"",
  ""impression.explore"",
  ""impression.explore"",
  ""impression.explore"",
  ""or.poi.get-photos.menu"",
  ""impression.explore"",
  ""impression.explore"",
  ""impression.explore"",
  ""or.sr2.reel.photo"",
  ""impression.explore"",
  ""or.sr2.reel.photo"",
  ""impression.explore"",
  ""impression.explore"",
  ""impression.explore"",
  ""impression.explore"",
  ""or.sr2.reel.photo"",
  ""or.app.resume"",
  ""or.poi.photo.back"",
  ""or.poi.back"",
  ""or.search.back"",
  ""myor.search.bkmPOI"",
  ""or.myor.bkmPOI"",
  ""myor.search.bkmPOI"",
  ""impression.poi"",
  ""impression.poi"",
  ""impression.poi"",
  ""impression.poi"",
  ""impression.poi"",
  ""impression.poi"",
  ""impression.poi"",
  ""or.takeaway.order"",
  ""or.app.resume"",
  ""or.app.start"",
  ""myor.search.bkmPOI"",
  ""or.myor.bkmPOI"",
  ""myor.search.bkmPOI"",
  ""impression.poi"",
  ""impression.poi"",
  ""impression.poi"",
  ""impression.poi"",
  ""impression.poi"",
  ""impression.poi"",
  ""impression.poi"",
  ""or.takeaway.order"",
  ""or.app.resume"",
  ""or.app.resume"",
  ""or.app.start"",
  ""myor.search.bkmPOI"",
  ""or.myor.bkmPOI"",
  ""myor.search.bkmPOI"",
  ""impression.poi"",
  ""impression.poi"",
  ""impression.poi"",
  ""impression.poi"",
  ""impression.poi"",
  ""impression.poi"",
  ""impression.poi"",
  ""or.takeaway.order"",
  ""or.app.resume"",
  ""or.app.start"",
  ""or.app.resume"",
  ""myor.search.bkmPOI"",
  ""or.myor.bkmPOI"",
  ""myor.search.bkmPOI"",
  ""impression.poi"",
  ""impression.poi"",
  ""impression.poi"",
  ""impression.poi"",
  ""impression.poi"",
  ""impression.poi"",
  ""or.takeaway.order"",
  ""impression.poi"",
  ""or.app.resume"",
  ""or.takeaway.checkout"",
  ""or.takeaway.view-basket"",
  ""or.takeaway.checkout"",
  ""or.poi.get-details"",
  ""or.bookmark.get-poi"",
  ""or.poi.get-overview"",
  ""or.takeaway.order"",
  ""or.app.resume"",
  ""or.takeaway.checkout"",
  ""or.takeaway.view-basket"",
  ""or.takeaway.checkout"",
  ""or.takeaway.place-order"",
  ""or.takeaway.checkout"",
  ""or.takeaway.place-order"",
  ""or.app.resume"",
  ""or.takeaway.pay"",
  ""or.app.openpush"",
  ""or.app.resume"",
  ""or.app.resume""
]","[
  ""重新載入 App"",
  ""開啟 App"",
  ""開啟快速搜尋"",
  ""搜尋頁面"",
  ""使用搜尋提示"",
  ""瀏覽POI"",
  ""瀏覽POI"",
  ""瀏覽POI"",
  ""瀏覽POI"",
  ""載入 POI 詳情"",
  ""載入 POI 概覽"",
  ""從搜尋結果進入 POI"",
  ""or.poi.get-photos.all"",
  ""impression.explore"",
  ""impression.explore"",
  ""impression.explore"",
  ""impression.explore"",
  ""impression.explore"",
  ""impression.explore"",
  ""impression.explore"",
  ""載入餐廳菜單相片"",
  ""impression.explore"",
  ""impression.explore"",
  ""impression.explore"",
  ""瀏覽短片"",
  ""impression.explore"",
  ""瀏覽短片"",
  ""impression.explore"",
  ""impression.explore"",
  ""impression.explore"",
  ""impression.explore"",
  ""瀏覽短片"",
  ""重新載入 App"",
  ""or.poi.photo.back"",
  ""離開 POI 頁面"",
  ""離開搜尋頁面"",
  ""從收藏清單搜尋收藏 POI "",
  ""從收藏清單選擇餐廳"",
  ""從收藏清單搜尋收藏 POI "",
  ""瀏覽POI"",
  ""瀏覽POI"",
  ""瀏覽POI"",
  ""瀏覽POI"",
  ""瀏覽POI"",
  ""瀏覽POI"",
  ""瀏覽POI"",
  ""進入外賣自取點餐頁/菜單"",
  ""重新載入 App"",
  ""開啟 App"",
  ""從收藏清單搜尋收藏 POI "",
  ""從收藏清單選擇餐廳"",
  ""從收藏清單搜尋收藏 POI "",
  ""瀏覽POI"",
  ""瀏覽POI"",
  ""瀏覽POI"",
  ""瀏覽POI"",
  ""瀏覽POI"",
  ""瀏覽POI"",
  ""瀏覽POI"",
  ""進入外賣自取點餐頁/菜單"",
  ""重新載入 App"",
  ""重新載入 App"",
  ""開啟 App"",
  ""從收藏清單搜尋收藏 POI "",
  ""從收藏清單選擇餐廳"",
  ""從收藏清單搜尋收藏 POI "",
  ""瀏覽POI"",
  ""瀏覽POI"",
  ""瀏覽POI"",
  ""瀏覽POI"",
  ""瀏覽POI"",
  ""瀏覽POI"",
  ""瀏覽POI"",
  ""進入外賣自取點餐頁/菜單"",
  ""重新載入 App"",
  ""開啟 App"",
  ""重新載入 App"",
  ""從收藏清單搜尋收藏 POI "",
  ""從收藏清單選擇餐廳"",
  ""從收藏清單搜尋收藏 POI "",
  ""瀏覽POI"",
  ""瀏覽POI"",
  ""瀏覽POI"",
  ""瀏覽POI"",
  ""瀏覽POI"",
  ""瀏覽POI"",
  ""進入外賣自取點餐頁/菜單"",
  ""瀏覽POI"",
  ""重新載入 App"",
  ""前往結帳"",
  ""查看外賣購物籃"",
  ""前往結帳"",
  ""載入 POI 詳情"",
  ""點擊收藏POI"",
  ""載入 POI 概覽"",
  ""進入外賣自取點餐頁/菜單"",
  ""重新載入 App"",
  ""前往結帳"",
  ""查看外賣購物籃"",
  ""前往結帳"",
  ""確認下單"",
  ""前往結帳"",
  ""確認下單"",
  ""重新載入 App"",
  ""付款"",
  ""從 push notification 開啟 App"",
  ""重新載入 App"",
  ""重新載入 App""
]",Bookmark
900640,dfc1b3ddecfc2e15,"[
  ""or.app.start"",
  ""or.app.start"",
  ""or.qcksearch"",
  ""or.search.layer"",
  ""or.search.layer"",
  ""or.poi.get-details"",
  ""or.poi.get-overview"",
  ""or.search.layer.tips"",
  ""or.takeaway.order"",
  ""or.poi.get-photos.menu"",
  ""poi.emenu.get-item"",
  ""or.takeaway.checkout"",
  ""or.takeaway.place-order"",
  ""or.takeaway.pay""
]","[
  ""開啟 App"",
  ""開啟 App"",
  ""開啟快速搜尋"",
  ""搜尋頁面"",
  ""搜尋頁面"",
  ""載入 POI 詳情"",
  ""載入 POI 概覽"",
  ""使用搜尋提示"",
  ""進入外賣自取點餐頁/菜單"",
  ""載入餐廳菜單相片"",
  ""選擇食物"",
  ""前往結帳"",
  ""確認下單"",
  ""付款""
]",Search
325898,50f5822a-8e8c-4475-aa44-0f01befa198e,"[
  ""or.app.start"",
  ""or.search.themelist.takeaway"",
  ""or.qcksearch"",
  ""or.search.layer"",
  ""or.search.quick"",
  ""impression.poi"",
  ""impression.poi"",
  ""impression.poi"",
  ""impression.poi"",
  ""impression.poi"",
  ""impression.poi"",
  ""impression.poi"",
  ""impression.poi"",
  ""or.takeaway.order"",
  ""or.takeaway.checkout"",
  ""or.takeaway.checkout"",
  ""or.takeaway.place-order"",
  ""or.app.resume"",
  ""or.takeaway.pay"",
  ""or.app.resume"",
  ""or.app.resume"",
  ""or.app.resume"",
  ""or.app.resume"",
  ""or.app.resume""
]","[
  ""開啟 App"",
  ""點擊外賣自取按鈕"",
  ""開啟快速搜尋"",
  ""搜尋頁面"",
  ""搜尋餐廳"",
  ""瀏覽POI"",
  ""瀏覽POI"",
  ""瀏覽POI"",
  ""瀏覽POI"",
  ""瀏覽POI"",
  ""瀏覽POI"",
  ""瀏覽POI"",
  ""瀏覽POI"",
  ""進入外賣自取點餐頁/菜單"",
  ""前往結帳"",
  ""前往結帳"",
  ""確認下單"",
  ""重新載入 App"",
  ""付款"",
  ""重新載入 App"",
  ""重新載入 App"",
  ""重新載入 App"",
  ""重新載入 App"",
  ""重新載入 App""
]",Search
241938,3c09a1ff-e829-4900-a029-8fb5d8bcc6bf,"[
  ""or.app.start"",
  ""or.qcksearch"",
  ""or.search.layer"",
  ""or.search.quick"",
  ""impression.poi"",
  ""impression.poi"",
  ""or.takeaway.order"",
  ""or.takeaway.checkout"",
  ""or.app.resume"",
  ""or.app.start"",
  ""or.qcksearch"",
  ""or.search.quick"",
  ""impression.poi"",
  ""impression.poi"",
  ""or.poi.get-details"",
  ""or.search.get-poi"",
  ""or.poi.get-overview"",
  ""or.takeaway.order"",
  ""or.takeaway.checkout"",
  ""or.takeaway.place-order"",
  ""or.takeaway.pay"",
  ""or.app.resume"",
  ""or.myor.orderList""
]","[
  ""開啟 App"",
  ""開啟快速搜尋"",
  ""搜尋頁面"",
  ""搜尋餐廳"",
  ""瀏覽POI"",
  ""瀏覽POI"",
  ""進入外賣自取點餐頁/菜單"",
  ""前往結帳"",
  ""重新載入 App"",
  ""開啟 App"",
  ""開啟快速搜尋"",
  ""搜尋餐廳"",
  ""瀏覽POI"",
  ""瀏覽POI"",
  ""載入 POI 詳情"",
  ""從搜尋結果進入 POI"",
  ""載入 POI 概覽"",
  ""進入外賣自取點餐頁/菜單"",
  ""前往結帳"",
  ""確認下單"",
  ""付款"",
  ""重新載入 App"",
  ""載入「我的訂單」列表""
]",Search
634061,9d9cac6ddd300204,"[
  ""or.app.start"",
  ""or.app.start"",
  ""or.qcksearch"",
  ""or.search.layer"",
  ""or.search.layer"",
  ""user.review.write"",
  ""or.takeaway.order"",
  ""or.poi.get-photos.food"",
  ""poi.emenu.get-item"",
  ""or.takeaway.checkout"",
  ""or.takeaway.place-order"",
  ""or.takeaway.pay"",
  ""or.app.resume""
]","[
  ""開啟 App"",
  ""開啟 App"",
  ""開啟快速搜尋"",
  ""搜尋頁面"",
  ""搜尋頁面"",
  ""撰寫評論"",
  ""進入外賣自取點餐頁/菜單"",
  ""載入餐廳食物相片"",
  ""選擇食物"",
  ""前往結帳"",
  ""確認下單"",
  ""付款"",
  ""重新載入 App""
]",Search
275540,447732ed-a9da-4a73-8f5b-e8a6fd65ed1e,"[
  ""or.app.resume"",
  ""or.app.start"",
  ""or.qcksearch"",
  ""or.search.layer"",
  ""or.search.layer.tips"",
  ""or.poi.get-details"",
  ""or.poi.get-overview"",
  ""or.app.resume"",
  ""impression.poi"",
  ""impression.poi"",
  ""impression.poi"",
  ""impression.poi"",
  ""impression.poi"",
  ""impression.poi"",
  ""impression.poi"",
  ""impression.poi"",
  ""impression.poi"",
  ""impression.poi"",
  ""or.takeaway.order"",
  ""or.poi.photo.detail"",
  ""user.share.poi"",
  ""or.app.resume"",
  ""or.takeaway.order"",
  ""or.takeaway.checkout"",
  ""or.takeaway.place-order"",
  ""or.app.resume"",
  ""or.app.resume"",
  ""or.app.resume"",
  ""or.app.resume"",
  ""or.takeaway.pay"",
  ""or.app.resume"",
  ""or.app.resume"",
  ""or.app.resume"",
  ""or.app.resume""
]","[
  ""重新載入 App"",
  ""開啟 App"",
  ""開啟快速搜尋"",
  ""搜尋頁面"",
  ""使用搜尋提示"",
  ""載入 POI 詳情"",
  ""載入 POI 概覽"",
  ""重新載入 App"",
  ""瀏覽POI"",
  ""瀏覽POI"",
  ""瀏覽POI"",
  ""瀏覽POI"",
  ""瀏覽POI"",
  ""瀏覽POI"",
  ""瀏覽POI"",
  ""瀏覽POI"",
  ""瀏覽POI"",
  ""瀏覽POI"",
  ""進入外賣自取點餐頁/菜單"",
  ""查看餐廳相片詳情"",
  ""分享餐廳"",
  ""重新載入 App"",
  ""進入外賣自取點餐頁/菜單"",
  ""前往結帳"",
  ""確認下單"",
  ""重新載入 App"",
  ""重新載入 App"",
  ""重新載入 App"",
  ""重新載入 App"",
  ""付款"",
  ""重新載入 App"",
  ""重新載入 App"",
  ""重新載入 App"",
  ""重新載入 App""
]",Search
548826,886fd7f4-bb08-4544-943f-01239e4b5d78,"[
  ""or.app.start"",
  ""or.app.resume"",
  ""or.deeplink.get-poi"",
  ""or.poi.get-details"",
  ""or.poi.get-overview"",
  ""or.takeaway.order"",
  ""or.takeaway.checkout"",
  ""or.takeaway.place-order"",
  ""or.takeaway.pay"",
  ""or.app.resume"",
  ""or.app.resume"",
  ""or.app.resume""
]","[
  ""開啟 App"",
  ""重新載入 App"",
  ""由 deep link 獲取 POI"",
  ""載入 POI 詳情"",
  ""載入 POI 概覽"",
  ""進入外賣自取點餐頁/菜單"",
  ""前往結帳"",
  ""確認下單"",
  ""付款"",
  ""重新載入 App"",
  ""重新載入 App"",
  ""重新載入 App""
]",Deeplink
606579,96caf64d-bfac-493d-89fa-bb2717ce26c2,"[
  ""or.app.start"",
  ""or.qcksearch"",
  ""or.search.quick"",
  ""impression.poi"",
  ""impression.poi"",
  ""impression.poi"",
  ""impression.poi"",
  ""impression.poi"",
  ""or.search.get-poi"",
  ""or.poi.get-details"",
  ""or.poi.get-overview"",
  ""or.takeaway.order"",
  ""or.app.resume"",
  ""or.app.start"",
  ""or.qcksearch"",
  ""or.search.quick"",
  ""impression.poi"",
  ""impression.poi"",
  ""impression.poi"",
  ""impression.poi"",
  ""or.search.get-poi"",
  ""or.poi.get-details"",
  ""or.poi.get-overview"",
  ""or.takeaway.order"",
  ""or.takeaway.checkout"",
  ""or.takeaway.view-basket"",
  ""or.takeaway.checkout"",
  ""or.takeaway.checkout"",
  ""or.takeaway.view-basket"",
  ""or.takeaway.checkout"",
  ""or.takeaway.checkout"",
  ""or.takeaway.view-basket"",
  ""or.poi.phone"",
  ""or.takeaway.order"",
  ""or.takeaway.checkout"",
  ""or.takeaway.view-basket"",
  ""or.app.resume"",
  ""or.app.start"",
  ""or.qcksearch"",
  ""or.search.quick"",
  ""impression.poi"",
  ""impression.poi"",
  ""impression.poi"",
  ""impression.poi"",
  ""or.poi.get-details"",
  ""or.search.get-poi"",
  ""or.poi.get-overview"",
  ""or.takeaway.order"",
  ""or.takeaway.checkout"",
  ""or.takeaway.view-basket"",
  ""or.takeaway.checkout"",
  ""or.takeaway.checkout"",
  ""or.takeaway.place-order"",
  ""or.takeaway.pay"",
  ""or.app.resume"",
  ""or.app.resume"",
  ""or.app.resume""
]","[
  ""開啟 App"",
  ""開啟快速搜尋"",
  ""搜尋餐廳"",
  ""瀏覽POI"",
  ""瀏覽POI"",
  ""瀏覽POI"",
  ""瀏覽POI"",
  ""瀏覽POI"",
  ""從搜尋結果進入 POI"",
  ""載入 POI 詳情"",
  ""載入 POI 概覽"",
  ""進入外賣自取點餐頁/菜單"",
  ""重新載入 App"",
  ""開啟 App"",
  ""開啟快速搜尋"",
  ""搜尋餐廳"",
  ""瀏覽POI"",
  ""瀏覽POI"",
  ""瀏覽POI"",
  ""瀏覽POI"",
  ""從搜尋結果進入 POI"",
  ""載入 POI 詳情"",
  ""載入 POI 概覽"",
  ""進入外賣自取點餐頁/菜單"",
  ""前往結帳"",
  ""查看外賣購物籃"",
  ""前往結帳"",
  ""前往結帳"",
  ""查看外賣購物籃"",
  ""前往結帳"",
  ""前往結帳"",
  ""查看外賣購物籃"",
  ""or.poi.phone"",
  ""進入外賣自取點餐頁/菜單"",
  ""前往結帳"",
  ""查看外賣購物籃"",
  ""重新載入 App"",
  ""開啟 App"",
  ""開啟快速搜尋"",
  ""搜尋餐廳"",
  ""瀏覽POI"",
  ""瀏覽POI"",
  ""瀏覽POI"",
  ""瀏覽POI"",
  ""載入 POI 詳情"",
  ""從搜尋結果進入 POI"",
  ""載入 POI 概覽"",
  ""進入外賣自取點餐頁/菜單"",
  ""前往結帳"",
  ""查看外賣購物籃"",
  ""前往結帳"",
  ""前往結帳"",
  ""確認下單"",
  ""付款"",
  ""重新載入 App"",
  ""重新載入 App"",
  ""重新載入 App""
]",Search
123448,1ea45fc0-b9e7-4835-8ebe-223344650e0a,"[
  ""or.app.resume"",
  ""or.app.start"",
  ""or.qcksearch"",
  ""or.search.quick"",
  ""or.app.resume"",
  ""view.SR1.Promotion"",
  ""impression.poi"",
  ""impression.poi"",
  ""impression.poi"",
  ""or.poi.get-details"",
  ""or.poi.get-overview"",
  ""or.search.get-poi"",
  ""or.takeaway.order"",
  ""or.takeaway.checkout"",
  ""or.takeaway.checkout"",
  ""or.takeaway.place-order"",
  ""or.app.resume"",
  ""or.takeaway.pay"",
  ""or.app.resume"",
  ""or.app.resume""
]","[
  ""重新載入 App"",
  ""開啟 App"",
  ""開啟快速搜尋"",
  ""搜尋餐廳"",
  ""重新載入 App"",
  ""查看搜尋結果中的廣告"",
  ""瀏覽POI"",
  ""瀏覽POI"",
  ""瀏覽POI"",
  ""載入 POI 詳情"",
  ""載入 POI 概覽"",
  ""從搜尋結果進入 POI"",
  ""進入外賣自取點餐頁/菜單"",
  ""前往結帳"",
  ""前往結帳"",
  ""確認下單"",
  ""重新載入 App"",
  ""付款"",
  ""重新載入 App"",
  ""重新載入 App""
]",Search
1025038,fe7dcdfb-1f37-442f-aabc-6c90513e31c0,"[
  ""or.app.resume"",
  ""or.app.start"",
  ""or.qcksearch"",
  ""or.search.layer"",
  ""or.search.layer.tips"",
  ""impression.poi"",
  ""impression.poi"",
  ""impression.poi"",
  ""or.search.get-poi"",
  ""or.poi.get-details"",
  ""or.poi.get-overview"",
  ""or.takeaway.order"",
  ""or.app.resume"",
  ""or.takeaway.checkout"",
  ""or.takeaway.place-order"",
  ""or.app.resume"",
  ""or.takeaway.pay"",
  ""or.app.resume"",
  ""or.app.resume""
]","[
  ""重新載入 App"",
  ""開啟 App"",
  ""開啟快速搜尋"",
  ""搜尋頁面"",
  ""使用搜尋提示"",
  ""瀏覽POI"",
  ""瀏覽POI"",
  ""瀏覽POI"",
  ""從搜尋結果進入 POI"",
  ""載入 POI 詳情"",
  ""載入 POI 概覽"",
  ""進入外賣自取點餐頁/菜單"",
  ""重新載入 App"",
  ""前往結帳"",
  ""確認下單"",
  ""重新載入 App"",
  ""付款"",
  ""重新載入 App"",
  ""重新載入 App""
]",Search
251316,3e690f18-1c08-4e82-9fbd-f7d00b62f792,"[
  ""or.app.resume"",
  ""or.app.start"",
  ""or.qcksearch"",
  ""or.poi.get-details"",
  ""or.takeaway.order"",
  ""or.takeaway.checkout"",
  ""or.app.resume"",
  ""or.app.resume"",
  ""or.app.resume"",
  ""or.app.resume"",
  ""or.takeaway.checkout"",
  ""or.app.login"",
  ""or.app.resume"",
  ""or.takeaway.place-order"",
  ""or.app.resume"",
  ""or.takeaway.pay"",
  ""or.app.resume"",
  ""or.app.resume"",
  ""or.app.resume"",
  ""or.poi.get-details"",
  ""or.poi.get-overview""
]","[
  ""重新載入 App"",
  ""開啟 App"",
  ""開啟快速搜尋"",
  ""載入 POI 詳情"",
  ""進入外賣自取點餐頁/菜單"",
  ""前往結帳"",
  ""重新載入 App"",
  ""重新載入 App"",
  ""重新載入 App"",
  ""重新載入 App"",
  ""前往結帳"",
  ""or.app.login"",
  ""重新載入 App"",
  ""確認下單"",
  ""重新載入 App"",
  ""付款"",
  ""重新載入 App"",
  ""重新載入 App"",
  ""重新載入 App"",
  ""載入 POI 詳情"",
  ""載入 POI 概覽""
]",Search
784432,c2f3e75e-11d6-42c4-a230-090882971150,"[
  ""or.app.start"",
  ""user.myor"",
  ""or.myor.orderList"",
  ""or.poi.get-details"",
  ""or.poi.get-overview"",
  ""or.takeaway.order"",
  ""or.takeaway.checkout"",
  ""or.takeaway.place-order"",
  ""or.app.resume"",
  ""or.takeaway.pay"",
  ""or.app.resume""
]","[
  ""開啟 App"",
  ""點擊「我的」"",
  ""載入「我的訂單」列表"",
  ""載入 POI 詳情"",
  ""載入 POI 概覽"",
  ""進入外賣自取點餐頁/菜單"",
  ""前往結帳"",
  ""確認下單"",
  ""重新載入 App"",
  ""付款"",
  ""重新載入 App""
]",OrderHistory
979474,f3451c8d7a316e94,"[
  ""or.app.start"",
  ""or.app.start"",
  ""user.myor"",
  ""or.page.home"",
  ""or.search.themelist.takeaway"",
  ""or.search.themelist.takeaway"",
  ""or.search.themelist.takeaway"",
  ""or.search.themelist.takeaway"",
  ""or.takeaway.order"",
  ""or.poi.get-photos.food"",
  ""poi.emenu.get-item"",
  ""or.takeaway.checkout"",
  ""poi.emenu.get-item"",
  ""poi.emenu.get-item"",
  ""poi.emenu.get-item"",
  ""poi.emenu.get-item"",
  ""or.takeaway.checkout"",
  ""or.takeaway.place-order"",
  ""or.takeaway.pay"",
  ""or.app.resume"",
  ""or.app.resume"",
  ""or.app.resume"",
  ""or.app.resume"",
  ""or.app.resume"",
  ""or.takeaway.pay"",
  ""or.app.resume"",
  ""or.app.resume"",
  ""or.app.start"",
  ""or.app.start"",
  ""user.myor"",
  ""or.app.start"",
  ""user.myor"",
  ""or.myor.orderList"",
  ""or.app.start"",
  ""user.myor"",
  ""user.settings.enter"",
  ""or.app.start"",
  ""or.app.start"",
  ""user.myor"",
  ""user.settings.enter""
]","[
  ""開啟 App"",
  ""開啟 App"",
  ""點擊「我的」"",
  ""or.page.home"",
  ""點擊外賣自取按鈕"",
  ""點擊外賣自取按鈕"",
  ""點擊外賣自取按鈕"",
  ""點擊外賣自取按鈕"",
  ""進入外賣自取點餐頁/菜單"",
  ""載入餐廳食物相片"",
  ""選擇食物"",
  ""前往結帳"",
  ""選擇食物"",
  ""選擇食物"",
  ""選擇食物"",
  ""選擇食物"",
  ""前往結帳"",
  ""確認下單"",
  ""付款"",
  ""重新載入 App"",
  ""重新載入 App"",
  ""重新載入 App"",
  ""重新載入 App"",
  ""重新載入 App"",
  ""付款"",
  ""重新載入 App"",
  ""重新載入 App"",
  ""開啟 App"",
  ""開啟 App"",
  ""點擊「我的」"",
  ""開啟 App"",
  ""點擊「我的」"",
  ""載入「我的訂單」列表"",
  ""開啟 App"",
  ""點擊「我的」"",
  ""user.settings.enter"",
  ""開啟 App"",
  ""開啟 App"",
  ""點擊「我的」"",
  ""user.settings.enter""
]",TakeawayButton
10650,029c3705953a0a62,"[
  ""or.app.start"",
  ""or.app.start"",
  ""or.app.start"",
  ""or.app.start"",
  ""or.qcksearch"",
  ""user.review.write"",
  ""or.takeaway.order"",
  ""or.poi.get-photos.food"",
  ""poi.emenu.get-item"",
  ""or.takeaway.checkout"",
  ""or.takeaway.place-order"",
  ""or.takeaway.pay"",
  ""or.app.resume""
]","[
  ""開啟 App"",
  ""開啟 App"",
  ""開啟 App"",
  ""開啟 App"",
  ""開啟快速搜尋"",
  ""撰寫評論"",
  ""進入外賣自取點餐頁/菜單"",
  ""載入餐廳食物相片"",
  ""選擇食物"",
  ""前往結帳"",
  ""確認下單"",
  ""付款"",
  ""重新載入 App""
]",Search
718235,b27a13055cc40ff4,"[
  ""or.app.start"",
  ""or.app.start"",
  ""or.qcksearch"",
  ""or.search.layer"",
  ""or.search.layer.tips"",
  ""or.poi.get-overview"",
  ""or.poi.get-details"",
  ""or.takeaway.order"",
  ""or.poi.get-photos.food"",
  ""poi.emenu.get-item"",
  ""poi.emenu.get-item"",
  ""or.takeaway.checkout"",
  ""or.takeaway.place-order"",
  ""or.takeaway.pay"",
  ""or.takeaway.pay""
]","[
  ""開啟 App"",
  ""開啟 App"",
  ""開啟快速搜尋"",
  ""搜尋頁面"",
  ""使用搜尋提示"",
  ""載入 POI 概覽"",
  ""載入 POI 詳情"",
  ""進入外賣自取點餐頁/菜單"",
  ""載入餐廳食物相片"",
  ""選擇食物"",
  ""選擇食物"",
  ""前往結帳"",
  ""確認下單"",
  ""付款"",
  ""付款""
]",Search
860586,d5ca5b82-3401-4eab-9ee1-6068b4dadd8e,"[
  """",
  ""or.takeaway.order"",
  """",
  ""user.login.google"",
  ""or.takeaway.pay"",
  """",
  """"
]","[
  """",
  ""進入外賣自取點餐頁/菜單"",
  """",
  ""user.login.google"",
  ""付款"",
  """",
  """"
]",
122390,1e5c215959a63cad,"[
  ""or.app.start"",
  ""or.app.start"",
  ""or.app.start"",
  ""or.qcksearch"",
  ""or.search.layer"",
  ""or.poi.get-details"",
  ""or.search.layer.record"",
  ""or.poi.get-overview"",
  ""or.takeaway.order"",
  ""or.poi.get-photos.food"",
  ""poi.emenu.get-item"",
  ""or.takeaway.checkout"",
  ""or.app.resume"",
  ""or.app.resume"",
  ""or.takeaway.place-order"",
  ""or.takeaway.pay""
]","[
  ""開啟 App"",
  ""開啟 App"",
  ""開啟 App"",
  ""開啟快速搜尋"",
  ""搜尋頁面"",
  ""載入 POI 詳情"",
  ""使用搜尋紀錄"",
  ""載入 POI 概覽"",
  ""進入外賣自取點餐頁/菜單"",
  ""載入餐廳食物相片"",
  ""選擇食物"",
  ""前往結帳"",
  ""重新載入 App"",
  ""重新載入 App"",
  ""確認下單"",
  ""付款""
]",Search
311131,4d5b5e4a-c1e3-4fb0-8b3e-8523d6398915,"[
  ""or.app.resume"",
  ""or.app.start"",
  ""user.myor"",
  ""or.myor.orderList"",
  ""or.poi.get-details"",
  ""or.poi.get-overview"",
  ""or.takeaway.order"",
  ""or.takeaway.checkout"",
  ""or.takeaway.place-order"",
  ""or.takeaway.pay"",
  ""or.app.resume""
]","[
  ""重新載入 App"",
  ""開啟 App"",
  ""點擊「我的」"",
  ""載入「我的訂單」列表"",
  ""載入 POI 詳情"",
  ""載入 POI 概覽"",
  ""進入外賣自取點餐頁/菜單"",
  ""前往結帳"",
  ""確認下單"",
  ""付款"",
  ""重新載入 App""
]",OrderHistory
882129,db32fb6e-2f98-4f2a-b0c2-25534d0620ec,"[
  ""or.app.start"",
  ""or.qcksearch"",
  ""or.search.layer"",
  ""or.search.layer"",
  ""or.search.layer.tips"",
  ""or.poi.get-overview"",
  ""or.poi.get-details"",
  ""or.takeaway.order"",
  ""or.app.resume"",
  ""or.app.resume"",
  ""or.app.resume"",
  ""or.app.resume"",
  ""or.app.resume"",
  ""or.app.resume"",
  ""or.app.resume"",
  ""or.takeaway.checkout"",
  ""or.takeaway.place-order"",
  ""or.takeaway.pay"",
  ""or.app.resume"",
  ""or.app.resume"",
  ""or.app.resume"",
  ""or.app.resume"",
  ""or.app.resume""
]","[
  ""開啟 App"",
  ""開啟快速搜尋"",
  ""搜尋頁面"",
  ""搜尋頁面"",
  ""使用搜尋提示"",
  ""載入 POI 概覽"",
  ""載入 POI 詳情"",
  ""進入外賣自取點餐頁/菜單"",
  ""重新載入 App"",
  ""重新載入 App"",
  ""重新載入 App"",
  ""重新載入 App"",
  ""重新載入 App"",
  ""重新載入 App"",
  ""重新載入 App"",
  ""前往結帳"",
  ""確認下單"",
  ""付款"",
  ""重新載入 App"",
  ""重新載入 App"",
  ""重新載入 App"",
  ""重新載入 App"",
  ""重新載入 App""
]",Search
614375,98b33fa8-4f0d-466b-a93c-0161cdf89a0f,"[
  ""or.app.resume"",
  ""or.qcksearch"",
  ""or.search.layer"",
  ""or.search.layer"",
  ""or.search.layer.tips"",
  ""impression.poi"",
  ""impression.poi"",
  ""impression.poi"",
  ""or.search.get-poi"",
  ""or.poi.get-overview"",
  ""or.poi.get-details"",
  ""or.takeaway.order"",
  ""or.takeaway.checkout"",
  ""or.takeaway.place-order"",
  ""or.takeaway.place-order"",
  ""or.takeaway.place-order"",
  ""or.takeaway.pay"",
  ""or.takeaway.pay"",
  ""or.takeaway.pay"",
  ""or.app.resume"",
  ""or.app.resume"",
  ""or.app.resume""
]","[
  ""重新載入 App"",
  ""開啟快速搜尋"",
  ""搜尋頁面"",
  ""搜尋頁面"",
  ""使用搜尋提示"",
  ""瀏覽POI"",
  ""瀏覽POI"",
  ""瀏覽POI"",
  ""從搜尋結果進入 POI"",
  ""載入 POI 概覽"",
  ""載入 POI 詳情"",
  ""進入外賣自取點餐頁/菜單"",
  ""前往結帳"",
  ""確認下單"",
  ""確認下單"",
  ""確認下單"",
  ""付款"",
  ""付款"",
  ""付款"",
  ""重新載入 App"",
  ""重新載入 App"",
  ""重新載入 App""
]",Search
698762,ad914e3c-c5f0-4d18-b145-23853034186f,"[
  ""or.app.resume"",
  ""or.app.start"",
  ""or.qcksearch"",
  ""or.search.quick"",
  ""or.poi.get-details"",
  ""or.takeaway.order"",
  ""or.poi.get-photos.all"",
  ""impression.explore"",
  ""impression.explore"",
  ""impression.explore"",
  ""impression.explore"",
  ""impression.explore"",
  ""impression.explore"",
  ""or.app.resume"",
  ""or.poi.get-photos.food"",
  ""or.poi.get-photos.decor"",
  ""impression.explore"",
  ""impression.explore"",
  ""impression.explore"",
  ""impression.explore"",
  ""impression.explore"",
  ""impression.explore"",
  ""or.poi.get-photos.menu"",
  ""impression.explore"",
  ""impression.explore"",
  ""impression.explore"",
  ""impression.explore"",
  ""impression.explore"",
  ""impression.explore"",
  ""or.poi.photo.back"",
  ""or.takeaway.order"",
  ""or.app.resume"",
  ""or.app.resume"",
  ""or.app.start"",
  ""or.qcksearch"",
  ""or.search.quick"",
  ""or.poi.get-details"",
  ""or.takeaway.order"",
  ""or.takeaway.checkout"",
  ""or.takeaway.place-order"",
  ""or.app.resume"",
  ""or.takeaway.pay"",
  ""or.app.resume"",
  ""or.myor.orderList"",
  ""or.qcksearch"",
  ""or.search.quick"",
  ""impression.poi"",
  ""impression.poi"",
  ""or.poi.get-details"",
  ""or.search.get-poi"",
  ""or.poi.get-overview"",
  ""or.poi.get-photos.menu"",
  ""impression.explore"",
  ""impression.explore"",
  ""impression.explore"",
  ""impression.explore"",
  ""impression.explore"",
  ""or.sr2.reel.photo"",
  ""or.sr2.reel.photo"",
  ""or.poi.photo.back"",
  ""or.poi.back"",
  ""or.search.layer"",
  ""or.search.layer.tips"",
  ""impression.poi"",
  ""impression.poi"",
  ""impression.poi"",
  ""impression.poi"",
  ""or.search.get-poi"",
  ""or.poi.get-details"",
  ""or.poi.get-overview"",
  ""or.poi.get-photos.menu"",
  ""impression.explore"",
  ""impression.explore"",
  ""impression.explore"",
  ""impression.explore"",
  ""impression.explore"",
  ""impression.explore"",
  ""or.sr2.reel.photo"",
  ""impression.explore"",
  ""or.sr2.reel.photo"",
  ""or.poi.photo.back"",
  ""or.poi.back"",
  ""or.search.back"",
  ""or.search.quick"",
  ""impression.poi"",
  ""impression.poi"",
  ""impression.poi"",
  ""impression.poi"",
  ""impression.poi"",
  ""impression.poi"",
  ""impression.poi"",
  ""impression.poi"",
  ""or.poi.get-details"",
  ""or.search.get-poi"",
  ""or.poi.get-overview"",
  ""or.selforder.order"",
  ""poi.emenu.photo"",
  ""or.explore.reel.photo"",
  ""or.explore.reel.photo"",
  ""or.selforder.order"",
  ""poi.emenu.photo"",
  ""poi.emenu.photo"",
  ""or.app.resume"",
  ""or.poi.back"",
  ""or.search.back"",
  ""or.myor.bkmPOI"",
  ""myor.search.bkmPOI"",
  ""myor.search.bkmPOI"",
  ""impression.poi"",
  ""impression.poi"",
  ""impression.poi"",
  ""impression.poi"",
  ""impression.poi"",
  ""impression.poi"",
  ""impression.poi"",
  ""impression.poi"",
  ""impression.poi"",
  ""impression.poi"",
  ""impression.poi"",
  ""impression.poi"",
  ""impression.poi"",
  ""impression.poi"",
  ""impression.poi"",
  ""myor.search.bkmPOI"",
  ""impression.poi""
]","[
  ""重新載入 App"",
  ""開啟 App"",
  ""開啟快速搜尋"",
  ""搜尋餐廳"",
  ""載入 POI 詳情"",
  ""進入外賣自取點餐頁/菜單"",
  ""or.poi.get-photos.all"",
  ""impression.explore"",
  ""impression.explore"",
  ""impression.explore"",
  ""impression.explore"",
  ""impression.explore"",
  ""impression.explore"",
  ""重新載入 App"",
  ""載入餐廳食物相片"",
  ""or.poi.get-photos.decor"",
  ""impression.explore"",
  ""impression.explore"",
  ""impression.explore"",
  ""impression.explore"",
  ""impression.explore"",
  ""impression.explore"",
  ""載入餐廳菜單相片"",
  ""impression.explore"",
  ""impression.explore"",
  ""impression.explore"",
  ""impression.explore"",
  ""impression.explore"",
  ""impression.explore"",
  ""or.poi.photo.back"",
  ""進入外賣自取點餐頁/菜單"",
  ""重新載入 App"",
  ""重新載入 App"",
  ""開啟 App"",
  ""開啟快速搜尋"",
  ""搜尋餐廳"",
  ""載入 POI 詳情"",
  ""進入外賣自取點餐頁/菜單"",
  ""前往結帳"",
  ""確認下單"",
  ""重新載入 App"",
  ""付款"",
  ""重新載入 App"",
  ""載入「我的訂單」列表"",
  ""開啟快速搜尋"",
  ""搜尋餐廳"",
  ""瀏覽POI"",
  ""瀏覽POI"",
  ""載入 POI 詳情"",
  ""從搜尋結果進入 POI"",
  ""載入 POI 概覽"",
  ""載入餐廳菜單相片"",
  ""impression.explore"",
  ""impression.explore"",
  ""impression.explore"",
  ""impression.explore"",
  ""impression.explore"",
  ""瀏覽短片"",
  ""瀏覽短片"",
  ""or.poi.photo.back"",
  ""離開 POI 頁面"",
  ""搜尋頁面"",
  ""使用搜尋提示"",
  ""瀏覽POI"",
  ""瀏覽POI"",
  ""瀏覽POI"",
  ""瀏覽POI"",
  ""從搜尋結果進入 POI"",
  ""載入 POI 詳情"",
  ""載入 POI 概覽"",
  ""載入餐廳菜單相片"",
  ""impression.explore"",
  ""impression.explore"",
  ""impression.explore"",
  ""impression.explore"",
  ""impression.explore"",
  ""impression.explore"",
  ""瀏覽短片"",
  ""impression.explore"",
  ""瀏覽短片"",
  ""or.poi.photo.back"",
  ""離開 POI 頁面"",
  ""離開搜尋頁面"",
  ""搜尋餐廳"",
  ""瀏覽POI"",
  ""瀏覽POI"",
  ""瀏覽POI"",
  ""瀏覽POI"",
  ""瀏覽POI"",
  ""瀏覽POI"",
  ""瀏覽POI"",
  ""瀏覽POI"",
  ""載入 POI 詳情"",
  ""從搜尋結果進入 POI"",
  ""載入 POI 概覽"",
  ""or.selforder.order"",
  ""poi.emenu.photo"",
  ""瀏覽短片"",
  ""瀏覽短片"",
  ""or.selforder.order"",
  ""poi.emenu.photo"",
  ""poi.emenu.photo"",
  ""重新載入 App"",
  ""離開 POI 頁面"",
  ""離開搜尋頁面"",
  ""從收藏清單選擇餐廳"",
  ""從收藏清單搜尋收藏 POI "",
  ""從收藏清單搜尋收藏 POI "",
  ""瀏覽POI"",
  ""瀏覽POI"",
  ""瀏覽POI"",
  ""瀏覽POI"",
  ""瀏覽POI"",
  ""瀏覽POI"",
  ""瀏覽POI"",
  ""瀏覽POI"",
  ""瀏覽POI"",
  ""瀏覽POI"",
  ""瀏覽POI"",
  ""瀏覽POI"",
  ""瀏覽POI"",
  ""瀏覽POI"",
  ""瀏覽POI"",
  ""從收藏清單搜尋收藏 POI "",
  ""瀏覽POI""
]",Search
891968,dd9bf291-d86a-4d0e-bc09-6a6ed65b5d34,"[
  ""or.app.resume"",
  ""or.qcksearch"",
  ""or.poi.get-details"",
  ""or.takeaway.order"",
  ""or.takeaway.checkout"",
  ""or.takeaway.place-order"",
  ""or.takeaway.pay"",
  ""or.app.resume"",
  ""or.app.resume"",
  ""or.app.resume""
]","[
  ""重新載入 App"",
  ""開啟快速搜尋"",
  ""載入 POI 詳情"",
  ""進入外賣自取點餐頁/菜單"",
  ""前往結帳"",
  ""確認下單"",
  ""付款"",
  ""重新載入 App"",
  ""重新載入 App"",
  ""重新載入 App""
]",Search
179357,2c7264b0622de168,"[
  ""or.app.start"",
  ""or.app.start"",
  ""or.qcksearch"",
  ""or.search.layer"",
  ""or.search.layer.tips"",
  ""impression.poi"",
  ""impression.poi"",
  ""impression.poi"",
  ""impression.poi"",
  ""impression.poi"",
  ""or.poi.get-overview"",
  ""or.poi.get-details"",
  ""or.search.get-poi"",
  ""or.takeaway.order"",
  ""or.poi.get-photos.food"",
  ""poi.emenu.get-item"",
  ""poi.emenu.get-item"",
  ""or.takeaway.checkout"",
  ""or.takeaway.place-order"",
  ""or.takeaway.pay"",
  ""or.app.resume""
]","[
  ""開啟 App"",
  ""開啟 App"",
  ""開啟快速搜尋"",
  ""搜尋頁面"",
  ""使用搜尋提示"",
  ""瀏覽POI"",
  ""瀏覽POI"",
  ""瀏覽POI"",
  ""瀏覽POI"",
  ""瀏覽POI"",
  ""載入 POI 概覽"",
  ""載入 POI 詳情"",
  ""從搜尋結果進入 POI"",
  ""進入外賣自取點餐頁/菜單"",
  ""載入餐廳食物相片"",
  ""選擇食物"",
  ""選擇食物"",
  ""前往結帳"",
  ""確認下單"",
  ""付款"",
  ""重新載入 App""
]",Search
645479,a064c3ab-36e5-4282-8092-5fd708b778da,"[
  ""or.app.resume"",
  ""or.app.start"",
  ""or.app.resume"",
  ""or.qcksearch"",
  ""or.search.layer"",
  ""or.search.layer.tips"",
  ""or.poi.get-details"",
  ""or.poi.get-overview"",
  ""or.takeaway.order"",
  ""or.takeaway.checkout"",
  ""or.takeaway.place-order"",
  ""or.takeaway.pay"",
  ""or.app.resume"",
  ""or.app.resume"",
  ""or.app.resume""
]","[
  ""重新載入 App"",
  ""開啟 App"",
  ""重新載入 App"",
  ""開啟快速搜尋"",
  ""搜尋頁面"",
  ""使用搜尋提示"",
  ""載入 POI 詳情"",
  ""載入 POI 概覽"",
  ""進入外賣自取點餐頁/菜單"",
  ""前往結帳"",
  ""確認下單"",
  ""付款"",
  ""重新載入 App"",
  ""重新載入 App"",
  ""重新載入 App""
]",Search
660394,a417fcd1-4714-4744-9d82-6cd2014a5505,"[
  ""or.app.resume"",
  ""or.app.start"",
  ""or.qcksearch"",
  ""or.search.quick"",
  ""or.poi.get-details"",
  ""or.takeaway.order"",
  ""or.takeaway.checkout"",
  ""or.takeaway.checkout"",
  ""or.app.resume"",
  ""or.app.resume"",
  ""or.takeaway.place-order"",
  ""or.app.resume"",
  ""or.takeaway.pay"",
  ""or.app.resume"",
  ""or.app.resume""
]","[
  ""重新載入 App"",
  ""開啟 App"",
  ""開啟快速搜尋"",
  ""搜尋餐廳"",
  ""載入 POI 詳情"",
  ""進入外賣自取點餐頁/菜單"",
  ""前往結帳"",
  ""前往結帳"",
  ""重新載入 App"",
  ""重新載入 App"",
  ""確認下單"",
  ""重新載入 App"",
  ""付款"",
  ""重新載入 App"",
  ""重新載入 App""
]",Search
845831,d226a1ed-3f25-4ea3-bf64-4e5a7a456956,"[
  ""or.app.resume"",
  ""or.app.start"",
  ""or.qcksearch"",
  ""or.app.resume"",
  ""or.search.quick"",
  ""impression.poi"",
  ""impression.poi"",
  ""impression.poi"",
  ""or.search.get-poi"",
  ""or.poi.get-details"",
  ""or.poi.get-overview"",
  ""or.selforder.order"",
  ""or.takeaway.order"",
  ""or.takeaway.checkout"",
  ""or.takeaway.checkout"",
  ""or.takeaway.place-order"",
  ""or.takeaway.pay""
]","[
  ""重新載入 App"",
  ""開啟 App"",
  ""開啟快速搜尋"",
  ""重新載入 App"",
  ""搜尋餐廳"",
  ""瀏覽POI"",
  ""瀏覽POI"",
  ""瀏覽POI"",
  ""從搜尋結果進入 POI"",
  ""載入 POI 詳情"",
  ""載入 POI 概覽"",
  ""or.selforder.order"",
  ""進入外賣自取點餐頁/菜單"",
  ""前往結帳"",
  ""前往結帳"",
  ""確認下單"",
  ""付款""
]",Search
401105,63da3296-74ca-40b7-8e3a-490c4a79cedd,"[
  ""or.app.start"",
  ""or.app.resume"",
  ""or.app.resume"",
  ""or.qcksearch"",
  ""or.search.layer"",
  ""or.search.quick"",
  ""view.SR1.Promotion"",
  ""impression.poi"",
  ""impression.poi"",
  ""impression.poi"",
  ""or.search.get-poi"",
  ""or.poi.get-details"",
  ""or.poi.get-overview"",
  ""or.takeaway.order"",
  ""or.app.resume"",
  ""or.app.resume"",
  ""or.app.resume"",
  ""or.takeaway.place-order"",
  ""or.takeaway.pay"",
  ""or.selforder.place-order"",
  ""or.takeaway.pay"",
  ""or.app.resume"",
  ""or.app.resume"",
  ""or.selforder.place-order"",
  ""or.app.resume"",
  ""or.myor.orderList"",
  ""or.app.resume"",
  ""user.myor"",
  ""or.myor.orderList""
]","[
  ""開啟 App"",
  ""重新載入 App"",
  ""重新載入 App"",
  ""開啟快速搜尋"",
  ""搜尋頁面"",
  ""搜尋餐廳"",
  ""查看搜尋結果中的廣告"",
  ""瀏覽POI"",
  ""瀏覽POI"",
  ""瀏覽POI"",
  ""從搜尋結果進入 POI"",
  ""載入 POI 詳情"",
  ""載入 POI 概覽"",
  ""進入外賣自取點餐頁/菜單"",
  ""重新載入 App"",
  ""重新載入 App"",
  ""重新載入 App"",
  ""確認下單"",
  ""付款"",
  ""or.selforder.place-order"",
  ""付款"",
  ""重新載入 App"",
  ""重新載入 App"",
  ""or.selforder.place-order"",
  ""重新載入 App"",
  ""載入「我的訂單」列表"",
  ""重新載入 App"",
  ""點擊「我的」"",
  ""載入「我的訂單」列表""
]",
790288,c45c8684-10a6-4e0d-b599-63a357a91231,"[
  ""or.app.resume"",
  ""or.app.start"",
  ""or.app.resume"",
  ""or.qcksearch"",
  ""or.search.layer"",
  ""or.poi.get-details"",
  ""or.search.layer.tips"",
  ""or.poi.get-overview"",
  ""or.takeaway.order"",
  ""or.app.resume"",
  ""or.takeaway.checkout"",
  ""or.takeaway.place-order"",
  ""or.takeaway.pay"",
  ""or.app.resume"",
  ""or.app.resume"",
  ""or.app.openpush"",
  ""or.app.resume""
]","[
  ""重新載入 App"",
  ""開啟 App"",
  ""重新載入 App"",
  ""開啟快速搜尋"",
  ""搜尋頁面"",
  ""載入 POI 詳情"",
  ""使用搜尋提示"",
  ""載入 POI 概覽"",
  ""進入外賣自取點餐頁/菜單"",
  ""重新載入 App"",
  ""前往結帳"",
  ""確認下單"",
  ""付款"",
  ""重新載入 App"",
  ""重新載入 App"",
  ""從 push notification 開啟 App"",
  ""重新載入 App""
]",Search
504418,7d770618-72f3-48ac-949c-d0254b3bd08c,"[
  ""or.app.resume"",
  ""or.app.start"",
  ""or.qcksearch"",
  ""or.search.layer"",
  ""or.search.layer.tips"",
  ""or.poi.get-overview"",
  ""or.poi.get-details"",
  ""or.poi.back"",
  ""or.poi.get-details"",
  ""or.search.layer.tips"",
  ""or.poi.get-overview"",
  ""or.takeaway.order"",
  ""or.takeaway.checkout"",
  ""or.takeaway.place-order"",
  ""or.takeaway.pay"",
  ""or.app.resume"",
  ""or.app.resume"",
  ""or.app.resume"",
  ""or.app.resume"",
  ""or.app.resume""
]","[
  ""重新載入 App"",
  ""開啟 App"",
  ""開啟快速搜尋"",
  ""搜尋頁面"",
  ""使用搜尋提示"",
  ""載入 POI 概覽"",
  ""載入 POI 詳情"",
  ""離開 POI 頁面"",
  ""載入 POI 詳情"",
  ""使用搜尋提示"",
  ""載入 POI 概覽"",
  ""進入外賣自取點餐頁/菜單"",
  ""前往結帳"",
  ""確認下單"",
  ""付款"",
  ""重新載入 App"",
  ""重新載入 App"",
  ""重新載入 App"",
  ""重新載入 App"",
  ""重新載入 App""
]",Search
699557,adc63a9b-a949-4e31-9aef-4f702750d0af,"[
  ""or.app.resume"",
  ""or.app.start"",
  ""or.search.themelist.takeaway"",
  ""or.takeaway.order"",
  ""or.app.resume"",
  ""or.search.themelist.takeaway"",
  ""or.takeaway.checkout"",
  ""or.takeaway.place-order"",
  ""or.takeaway.pay"",
  ""or.app.resume""
]","[
  ""重新載入 App"",
  ""開啟 App"",
  ""點擊外賣自取按鈕"",
  ""進入外賣自取點餐頁/菜單"",
  ""重新載入 App"",
  ""點擊外賣自取按鈕"",
  ""前往結帳"",
  ""確認下單"",
  ""付款"",
  ""重新載入 App""
]",TakeawayButton
509274,7eabb81e-813c-47e3-9ba8-aa3dd62e5508,"[
  ""or.app.resume"",
  ""or.app.start"",
  ""user.myor"",
  ""or.myor.voucher"",
  ""or.myor.voucher"",
  ""or.app.resume"",
  ""or.myor.review.published"",
  ""or.app.resume"",
  ""or.app.resume"",
  ""or.app.resume"",
  ""or.page.home"",
  ""or.qcksearch"",
  ""or.search.quick"",
  ""impression.poi"",
  ""or.search.get-poi"",
  ""or.poi.get-details"",
  ""or.poi.get-overview"",
  ""impression.poi"",
  ""impression.poi"",
  ""impression.poi"",
  ""or.takeaway.order"",
  ""or.takeaway.checkout"",
  ""or.takeaway.pay""
]","[
  ""重新載入 App"",
  ""開啟 App"",
  ""點擊「我的」"",
  ""我的優惠券"",
  ""我的優惠券"",
  ""重新載入 App"",
  ""or.myor.review.published"",
  ""重新載入 App"",
  ""重新載入 App"",
  ""重新載入 App"",
  ""or.page.home"",
  ""開啟快速搜尋"",
  ""搜尋餐廳"",
  ""瀏覽POI"",
  ""從搜尋結果進入 POI"",
  ""載入 POI 詳情"",
  ""載入 POI 概覽"",
  ""瀏覽POI"",
  ""瀏覽POI"",
  ""瀏覽POI"",
  ""進入外賣自取點餐頁/菜單"",
  ""前往結帳"",
  ""付款""
]",
299137,4a6234ed-d5e1-4f58-8a6f-a56c1ba9abd0,"[
  ""or.app.resume"",
  ""or.app.start"",
  ""or.qcksearch"",
  ""or.poi.get-details"",
  ""or.takeaway.order"",
  ""or.takeaway.checkout"",
  ""or.takeaway.checkout"",
  ""or.takeaway.place-order"",
  ""or.app.resume"",
  ""or.app.resume"",
  ""or.app.resume"",
  ""or.takeaway.pay""
]","[
  ""重新載入 App"",
  ""開啟 App"",
  ""開啟快速搜尋"",
  ""載入 POI 詳情"",
  ""進入外賣自取點餐頁/菜單"",
  ""前往結帳"",
  ""前往結帳"",
  ""確認下單"",
  ""重新載入 App"",
  ""重新載入 App"",
  ""重新載入 App"",
  ""付款""
]",Search
477746,76c0188d-07f0-40d1-9714-ca268a3a93ca,"[
  ""or.app.start"",
  ""or.qcksearch"",
  ""or.search.quick"",
  ""impression.poi"",
  ""impression.poi"",
  ""impression.poi"",
  ""or.takeaway.order"",
  ""or.takeaway.checkout"",
  ""or.takeaway.place-order"",
  ""or.takeaway.pay"",
  ""or.app.resume"",
  ""or.app.resume""
]","[
  ""開啟 App"",
  ""開啟快速搜尋"",
  ""搜尋餐廳"",
  ""瀏覽POI"",
  ""瀏覽POI"",
  ""瀏覽POI"",
  ""進入外賣自取點餐頁/菜單"",
  ""前往結帳"",
  ""確認下單"",
  ""付款"",
  ""重新載入 App"",
  ""重新載入 App""
]",Search
785875,c34a007358b81079,"[
  ""or.app.resume"",
  ""or.app.start"",
  ""or.app.start"",
  ""or.app.resume"",
  ""or.app.start"",
  ""or.app.start"",
  ""or.qcksearch"",
  ""or.search.layer"",
  ""or.search.layer"",
  ""or.search.layer.tips"",
  ""impression.poi"",
  ""impression.poi"",
  ""impression.poi"",
  ""impression.poi"",
  ""impression.poi"",
  ""impression.poi"",
  ""impression.poi"",
  ""impression.poi"",
  ""impression.poi"",
  ""impression.poi"",
  ""impression.poi"",
  ""or.takeaway.order"",
  ""or.poi.get-photos.food"",
  ""poi.emenu.get-item"",
  ""or.takeaway.checkout"",
  ""or.takeaway.place-order"",
  ""or.takeaway.pay"",
  ""or.app.resume"",
  ""or.app.resume"",
  ""or.app.resume"",
  ""or.app.resume"",
  ""or.app.resume"",
  ""or.app.resume"",
  ""or.app.resume"",
  ""or.app.start"",
  ""or.app.resume"",
  ""or.app.resume"",
  ""or.app.resume""
]","[
  ""重新載入 App"",
  ""開啟 App"",
  ""開啟 App"",
  ""重新載入 App"",
  ""開啟 App"",
  ""開啟 App"",
  ""開啟快速搜尋"",
  ""搜尋頁面"",
  ""搜尋頁面"",
  ""使用搜尋提示"",
  ""瀏覽POI"",
  ""瀏覽POI"",
  ""瀏覽POI"",
  ""瀏覽POI"",
  ""瀏覽POI"",
  ""瀏覽POI"",
  ""瀏覽POI"",
  ""瀏覽POI"",
  ""瀏覽POI"",
  ""瀏覽POI"",
  ""瀏覽POI"",
  ""進入外賣自取點餐頁/菜單"",
  ""載入餐廳食物相片"",
  ""選擇食物"",
  ""前往結帳"",
  ""確認下單"",
  ""付款"",
  ""重新載入 App"",
  ""重新載入 App"",
  ""重新載入 App"",
  ""重新載入 App"",
  ""重新載入 App"",
  ""重新載入 App"",
  ""重新載入 App"",
  ""開啟 App"",
  ""重新載入 App"",
  ""重新載入 App"",
  ""重新載入 App""
]",Search
578606,8fc809f6-c936-43d0-b333-dd1ecaa89639,"[
  ""or.app.resume"",
  ""or.app.start"",
  ""or.qcksearch"",
  ""or.search.layer"",
  ""or.search.layer.tips"",
  ""impression.poi"",
  ""impression.poi"",
  ""impression.poi"",
  ""or.takeaway.order"",
  ""or.takeaway.view-basket"",
  ""or.takeaway.checkout"",
  ""voucher.detail"",
  ""impression.poi"",
  ""or.takeaway.order"",
  ""or.takeaway.checkout"",
  ""or.takeaway.place-order"",
  ""or.takeaway.pay"",
  ""or.app.resume"",
  ""or.app.resume"",
  ""or.app.resume"",
  ""or.app.resume"",
  ""or.poi.get-overview"",
  ""or.poi.get-details"",
  ""or.poi.doorPhoto"",
  ""or.app.resume""
]","[
  ""重新載入 App"",
  ""開啟 App"",
  ""開啟快速搜尋"",
  ""搜尋頁面"",
  ""使用搜尋提示"",
  ""瀏覽POI"",
  ""瀏覽POI"",
  ""瀏覽POI"",
  ""進入外賣自取點餐頁/菜單"",
  ""查看外賣購物籃"",
  ""前往結帳"",
  ""voucher.detail"",
  ""瀏覽POI"",
  ""進入外賣自取點餐頁/菜單"",
  ""前往結帳"",
  ""確認下單"",
  ""付款"",
  ""重新載入 App"",
  ""重新載入 App"",
  ""重新載入 App"",
  ""重新載入 App"",
  ""載入 POI 概覽"",
  ""載入 POI 詳情"",
  ""or.poi.doorPhoto"",
  ""重新載入 App""
]",Search
184869,2dcaf373-ea0f-4932-b4a9-614d12dd1c3a,"[
  ""or.app.resume"",
  ""or.app.start"",
  ""or.app.resume"",
  ""or.app.resume"",
  ""or.qcksearch"",
  ""or.search.layer"",
  ""user.myor"",
  ""or.page.home"",
  ""or.qcksearch"",
  ""or.search.layer"",
  ""or.search.layer.tips"",
  ""or.poi.get-details"",
  ""or.poi.get-overview"",
  ""or.selforder.order"",
  ""or.takeaway.order"",
  ""or.takeaway.checkout"",
  ""or.takeaway.place-order"",
  ""or.takeaway.pay"",
  ""or.app.resume"",
  ""or.app.resume"",
  ""or.app.resume"",
  ""or.myor.orderList"",
  ""or.app.resume"",
  ""or.app.resume"",
  ""or.app.resume"",
  ""or.app.resume""
]","[
  ""重新載入 App"",
  ""開啟 App"",
  ""重新載入 App"",
  ""重新載入 App"",
  ""開啟快速搜尋"",
  ""搜尋頁面"",
  ""點擊「我的」"",
  ""or.page.home"",
  ""開啟快速搜尋"",
  ""搜尋頁面"",
  ""使用搜尋提示"",
  ""載入 POI 詳情"",
  ""載入 POI 概覽"",
  ""or.selforder.order"",
  ""進入外賣自取點餐頁/菜單"",
  ""前往結帳"",
  ""確認下單"",
  ""付款"",
  ""重新載入 App"",
  ""重新載入 App"",
  ""重新載入 App"",
  ""載入「我的訂單」列表"",
  ""重新載入 App"",
  ""重新載入 App"",
  ""重新載入 App"",
  ""重新載入 App""
]",Search
232507,39a865ad-4622-4834-9eb1-9fe977330485,"[
  ""or.app.resume"",
  ""or.app.start"",
  ""or.explore.btmbar"",
  ""impression.explore"",
  ""impression.explore"",
  ""impression.explore"",
  ""impression.explore"",
  ""or.app.resume"",
  ""or.search.layer"",
  ""or.search.layer.tips"",
  ""or.search.photo"",
  ""impression.photo"",
  ""impression.photo"",
  ""impression.photo"",
  ""impression.photo"",
  ""impression.photo"",
  ""impression.photo"",
  ""impression.poi"",
  ""impression.poi"",
  ""impression.poi"",
  ""impression.poi"",
  ""impression.poi"",
  ""or.takeaway.order"",
  ""or.takeaway.order"",
  ""or.takeaway.checkout"",
  ""or.takeaway.view-basket"",
  ""or.takeaway.checkout"",
  ""or.takeaway.checkout"",
  ""or.app.resume"",
  ""or.app.resume"",
  ""or.poi.get-overview"",
  ""or.poi.get-details"",
  ""or.poi.LMS2-offer"",
  ""user.upload.photo"",
  ""or.takeaway.order"",
  ""or.takeaway.order"",
  ""or.app.resume"",
  ""or.poi.get-photos.all"",
  ""or.poi.photo.back"",
  ""or.takeaway.checkout"",
  ""or.takeaway.view-basket"",
  ""or.takeaway.checkout"",
  ""or.app.resume"",
  ""or.takeaway.checkout"",
  ""or.takeaway.place-order"",
  ""or.app.resume"",
  ""or.takeaway.pay"",
  ""or.app.resume"",
  ""or.app.resume""
]","[
  ""重新載入 App"",
  ""開啟 App"",
  ""or.explore.btmbar"",
  ""impression.explore"",
  ""impression.explore"",
  ""impression.explore"",
  ""impression.explore"",
  ""重新載入 App"",
  ""搜尋頁面"",
  ""使用搜尋提示"",
  ""or.search.photo"",
  ""impression.photo"",
  ""impression.photo"",
  ""impression.photo"",
  ""impression.photo"",
  ""impression.photo"",
  ""impression.photo"",
  ""瀏覽POI"",
  ""瀏覽POI"",
  ""瀏覽POI"",
  ""瀏覽POI"",
  ""瀏覽POI"",
  ""進入外賣自取點餐頁/菜單"",
  ""進入外賣自取點餐頁/菜單"",
  ""前往結帳"",
  ""查看外賣購物籃"",
  ""前往結帳"",
  ""前往結帳"",
  ""重新載入 App"",
  ""重新載入 App"",
  ""載入 POI 概覽"",
  ""載入 POI 詳情"",
  ""or.poi.LMS2-offer"",
  ""user.upload.photo"",
  ""進入外賣自取點餐頁/菜單"",
  ""進入外賣自取點餐頁/菜單"",
  ""重新載入 App"",
  ""or.poi.get-photos.all"",
  ""or.poi.photo.back"",
  ""前往結帳"",
  ""查看外賣購物籃"",
  ""前往結帳"",
  ""重新載入 App"",
  ""前往結帳"",
  ""確認下單"",
  ""重新載入 App"",
  ""付款"",
  ""重新載入 App"",
  ""重新載入 App""
]",Search
107217,1a9cb6ed-e759-43be-ab19-0a1f777497de,"[
  ""or.app.resume"",
  ""or.app.start"",
  ""or.qcksearch"",
  ""or.search.layer"",
  ""or.search.layer.tips"",
  ""or.poi.get-details"",
  ""or.poi.get-overview"",
  ""or.takeaway.order"",
  ""or.takeaway.checkout"",
  ""or.app.resume"",
  ""or.takeaway.checkout"",
  ""or.takeaway.view-basket"",
  ""or.takeaway.checkout"",
  ""or.takeaway.place-order"",
  ""or.app.resume"",
  ""or.takeaway.pay"",
  ""or.app.resume"",
  ""or.app.resume""
]","[
  ""重新載入 App"",
  ""開啟 App"",
  ""開啟快速搜尋"",
  ""搜尋頁面"",
  ""使用搜尋提示"",
  ""載入 POI 詳情"",
  ""載入 POI 概覽"",
  ""進入外賣自取點餐頁/菜單"",
  ""前往結帳"",
  ""重新載入 App"",
  ""前往結帳"",
  ""查看外賣購物籃"",
  ""前往結帳"",
  ""確認下單"",
  ""重新載入 App"",
  ""付款"",
  ""重新載入 App"",
  ""重新載入 App""
]",Search
319389,4f607ac0-12e9-47a2-b57a-b4d4bc77dc00,"[
  ""or.app.resume"",
  ""or.app.start"",
  ""or.qcksearch"",
  ""or.search.layer"",
  ""or.search.layer.tips"",
  ""impression.poi"",
  ""impression.poi"",
  ""impression.poi"",
  ""or.app.resume"",
  ""or.search.get-poi"",
  ""or.poi.get-details"",
  ""or.poi.get-overview"",
  ""or.takeaway.order"",
  ""or.takeaway.checkout"",
  ""or.takeaway.place-order"",
  ""or.app.resume"",
  ""or.takeaway.pay""
]","[
  ""重新載入 App"",
  ""開啟 App"",
  ""開啟快速搜尋"",
  ""搜尋頁面"",
  ""使用搜尋提示"",
  ""瀏覽POI"",
  ""瀏覽POI"",
  ""瀏覽POI"",
  ""重新載入 App"",
  ""從搜尋結果進入 POI"",
  ""載入 POI 詳情"",
  ""載入 POI 概覽"",
  ""進入外賣自取點餐頁/菜單"",
  ""前往結帳"",
  ""確認下單"",
  ""重新載入 App"",
  ""付款""
]",Search
443267,6e2b3c04-4acc-4778-9b19-acf8a0a53f17,"[
  ""or.app.start"",
  ""or.qcksearch"",
  ""or.search.layer"",
  ""or.search.layer.tips"",
  ""impression.poi"",
  ""impression.poi"",
  ""view.SR1.Promotion"",
  ""impression.poi"",
  ""or.search.get-poi"",
  ""or.poi.get-overview"",
  ""or.poi.get-details"",
  ""or.takeaway.order"",
  ""or.takeaway.checkout"",
  ""or.takeaway.place-order"",
  ""or.takeaway.pay"",
  ""or.app.resume"",
  ""or.app.resume"",
  ""or.app.resume"",
  ""or.app.resume""
]","[
  ""開啟 App"",
  ""開啟快速搜尋"",
  ""搜尋頁面"",
  ""使用搜尋提示"",
  ""瀏覽POI"",
  ""瀏覽POI"",
  ""查看搜尋結果中的廣告"",
  ""瀏覽POI"",
  ""從搜尋結果進入 POI"",
  ""載入 POI 概覽"",
  ""載入 POI 詳情"",
  ""進入外賣自取點餐頁/菜單"",
  ""前往結帳"",
  ""確認下單"",
  ""付款"",
  ""重新載入 App"",
  ""重新載入 App"",
  ""重新載入 App"",
  ""重新載入 App""
]",Search
723505,b3c89e06-3bd3-4c2f-a888-e8a06faa1971,"[
  ""or.app.start"",
  ""or.qcksearch"",
  ""or.poi.get-details"",
  ""or.search.quick"",
  ""or.takeaway.order"",
  ""or.takeaway.checkout"",
  ""or.takeaway.place-order"",
  ""or.app.resume"",
  ""or.takeaway.pay""
]","[
  ""開啟 App"",
  ""開啟快速搜尋"",
  ""載入 POI 詳情"",
  ""搜尋餐廳"",
  ""進入外賣自取點餐頁/菜單"",
  ""前往結帳"",
  ""確認下單"",
  ""重新載入 App"",
  ""付款""
]",Search
914983,e35dc34d-ec4a-462d-aab3-6f1e2f899d67,"[
  ""or.app.resume"",
  ""or.app.start"",
  ""user.myor"",
  ""or.myor.upcomingBooking"",
  ""or.myor.orderList"",
  ""or.poi.get-details"",
  ""or.poi.get-overview"",
  ""or.takeaway.order"",
  ""or.takeaway.checkout"",
  ""or.takeaway.place-order"",
  ""or.takeaway.pay"",
  ""or.app.resume"",
  ""or.myor.orderList"",
  ""or.app.resume"",
  ""or.app.start"",
  ""user.myor"",
  ""or.myor.orderList""
]","[
  ""重新載入 App"",
  ""開啟 App"",
  ""點擊「我的」"",
  ""or.myor.upcomingBooking"",
  ""載入「我的訂單」列表"",
  ""載入 POI 詳情"",
  ""載入 POI 概覽"",
  ""進入外賣自取點餐頁/菜單"",
  ""前往結帳"",
  ""確認下單"",
  ""付款"",
  ""重新載入 App"",
  ""載入「我的訂單」列表"",
  ""重新載入 App"",
  ""開啟 App"",
  ""點擊「我的」"",
  ""載入「我的訂單」列表""
]",OrderHistory
378939,5e52239269834752,"[
  ""or.app.start"",
  ""or.app.start"",
  ""or.search.themelist.takeaway"",
  ""or.search.themelist.takeaway"",
  ""or.takeaway.order"",
  ""or.poi.get-photos.food"",
  ""poi.emenu.get-item"",
  ""or.app.resume"",
  ""or.takeaway.checkout"",
  ""or.takeaway.place-order"",
  ""or.takeaway.pay""
]","[
  ""開啟 App"",
  ""開啟 App"",
  ""點擊外賣自取按鈕"",
  ""點擊外賣自取按鈕"",
  ""進入外賣自取點餐頁/菜單"",
  ""載入餐廳食物相片"",
  ""選擇食物"",
  ""重新載入 App"",
  ""前往結帳"",
  ""確認下單"",
  ""付款""
]",TakeawayButton
147322,2491ef0a-a81a-463f-82d8-c520ffade3d1,"[
  ""or.app.resume"",
  ""or.app.start"",
  ""or.qcksearch"",
  ""or.search.layer"",
  ""or.search.layer.tips"",
  ""or.poi.get-details"",
  ""or.poi.get-overview"",
  ""or.takeaway.order"",
  ""or.takeaway.checkout"",
  ""or.takeaway.place-order"",
  ""or.app.resume"",
  ""or.takeaway.pay"",
  ""or.app.resume"",
  ""or.app.start"",
  ""or.app.openpush"",
  ""or.app.resume""
]","[
  ""重新載入 App"",
  ""開啟 App"",
  ""開啟快速搜尋"",
  ""搜尋頁面"",
  ""使用搜尋提示"",
  ""載入 POI 詳情"",
  ""載入 POI 概覽"",
  ""進入外賣自取點餐頁/菜單"",
  ""前往結帳"",
  ""確認下單"",
  ""重新載入 App"",
  ""付款"",
  ""重新載入 App"",
  ""開啟 App"",
  ""從 push notification 開啟 App"",
  ""重新載入 App""
]",Search
426676,6a1390c3-bf6a-4744-8276-a01294ef166b,"[
  ""or.app.resume"",
  ""or.app.start"",
  ""or.qcksearch"",
  ""or.search.layer"",
  ""or.search.layer.tips"",
  ""impression.poi"",
  ""impression.poi"",
  ""impression.poi"",
  ""or.takeaway.order"",
  ""or.takeaway.checkout"",
  ""or.takeaway.place-order"",
  ""or.app.resume"",
  ""or.takeaway.pay"",
  ""or.app.openpush"",
  ""or.app.resume"",
  ""or.app.start""
]","[
  ""重新載入 App"",
  ""開啟 App"",
  ""開啟快速搜尋"",
  ""搜尋頁面"",
  ""使用搜尋提示"",
  ""瀏覽POI"",
  ""瀏覽POI"",
  ""瀏覽POI"",
  ""進入外賣自取點餐頁/菜單"",
  ""前往結帳"",
  ""確認下單"",
  ""重新載入 App"",
  ""付款"",
  ""從 push notification 開啟 App"",
  ""重新載入 App"",
  ""開啟 App""
]",Search
465038,73982e17-9be5-4cfe-9374-bdb129e6a093,"[
  ""or.app.start"",
  ""or.qcksearch"",
  ""or.search.layer"",
  ""or.search.layer.tips"",
  ""impression.poi"",
  ""impression.poi"",
  ""impression.poi"",
  ""or.takeaway.order"",
  ""or.takeaway.checkout"",
  ""or.takeaway.place-order"",
  ""or.app.resume"",
  ""or.takeaway.pay""
]","[
  ""開啟 App"",
  ""開啟快速搜尋"",
  ""搜尋頁面"",
  ""使用搜尋提示"",
  ""瀏覽POI"",
  ""瀏覽POI"",
  ""瀏覽POI"",
  ""進入外賣自取點餐頁/菜單"",
  ""前往結帳"",
  ""確認下單"",
  ""重新載入 App"",
  ""付款""
]",Search
228021,388d053e-6020-49a7-bd32-52c711a867aa,"[
  ""or.app.resume"",
  ""or.app.start"",
  ""or.search.themelist.takeaway"",
  ""or.membershippoint.list"",
  ""or.app.resume"",
  ""or.search.themelist.takeaway"",
  ""or.app.resume"",
  ""or.search.themelist.takeaway"",
  ""or.takeaway.order"",
  ""or.takeaway.checkout"",
  ""or.app.resume"",
  ""user.myor"",
  ""or.myor.upcomingBooking"",
  ""OR.MembershipPoint.or"",
  ""or.page.home"",
  ""or.app.resume"",
  ""or.search.themelist.takeaway"",
  ""or.takeaway.order"",
  ""or.takeaway.checkout"",
  ""or.app.resume"",
  ""or.app.resume"",
  ""or.app.resume"",
  ""or.app.resume"",
  ""or.takeaway.place-order"",
  ""or.takeaway.pay"",
  ""or.app.resume""
]","[
  ""重新載入 App"",
  ""開啟 App"",
  ""點擊外賣自取按鈕"",
  ""or.membershippoint.list"",
  ""重新載入 App"",
  ""點擊外賣自取按鈕"",
  ""重新載入 App"",
  ""點擊外賣自取按鈕"",
  ""進入外賣自取點餐頁/菜單"",
  ""前往結帳"",
  ""重新載入 App"",
  ""點擊「我的」"",
  ""or.myor.upcomingBooking"",
  ""OR.MembershipPoint.or"",
  ""or.page.home"",
  ""重新載入 App"",
  ""點擊外賣自取按鈕"",
  ""進入外賣自取點餐頁/菜單"",
  ""前往結帳"",
  ""重新載入 App"",
  ""重新載入 App"",
  ""重新載入 App"",
  ""重新載入 App"",
  ""確認下單"",
  ""付款"",
  ""重新載入 App""
]",TakeawayButton
752657,bafd0736-6b3c-4686-a252-e7b7b8674a4c,"[
  ""or.app.start"",
  ""or.qcksearch"",
  ""or.search.layer"",
  ""or.search.layer.tips"",
  ""or.poi.get-details"",
  ""or.poi.get-overview"",
  ""or.takeaway.order"",
  ""or.takeaway.checkout"",
  ""or.app.resume"",
  ""or.takeaway.place-order"",
  ""or.takeaway.pay"",
  ""or.app.resume"",
  ""or.app.resume"",
  ""or.app.resume"",
  ""or.app.resume"",
  ""or.app.resume"",
  ""or.myor.orderList"",
  ""or.qcksearch"",
  ""or.poi.get-details"",
  ""or.takeaway.order"",
  ""poi.emenu.photo"",
  ""or.takeaway.order""
]","[
  ""開啟 App"",
  ""開啟快速搜尋"",
  ""搜尋頁面"",
  ""使用搜尋提示"",
  ""載入 POI 詳情"",
  ""載入 POI 概覽"",
  ""進入外賣自取點餐頁/菜單"",
  ""前往結帳"",
  ""重新載入 App"",
  ""確認下單"",
  ""付款"",
  ""重新載入 App"",
  ""重新載入 App"",
  ""重新載入 App"",
  ""重新載入 App"",
  ""重新載入 App"",
  ""載入「我的訂單」列表"",
  ""開啟快速搜尋"",
  ""載入 POI 詳情"",
  ""進入外賣自取點餐頁/菜單"",
  ""poi.emenu.photo"",
  ""進入外賣自取點餐頁/菜單""
]",Search
1024944,fe78af08-ca24-4263-b7fc-ac790e6dcb59,"[
  ""or.app.start"",
  ""or.qcksearch"",
  ""or.search.layer"",
  ""or.search.layer.tips"",
  ""impression.poi"",
  ""impression.poi"",
  ""impression.poi"",
  ""or.takeaway.order"",
  ""or.app.resume"",
  ""or.app.resume"",
  ""or.takeaway.checkout"",
  ""or.takeaway.place-order"",
  ""or.app.resume"",
  ""or.takeaway.pay"",
  ""or.app.resume""
]","[
  ""開啟 App"",
  ""開啟快速搜尋"",
  ""搜尋頁面"",
  ""使用搜尋提示"",
  ""瀏覽POI"",
  ""瀏覽POI"",
  ""瀏覽POI"",
  ""進入外賣自取點餐頁/菜單"",
  ""重新載入 App"",
  ""重新載入 App"",
  ""前往結帳"",
  ""確認下單"",
  ""重新載入 App"",
  ""付款"",
  ""重新載入 App""
]",Search
341766,54eac6cf710145d6,"[
  ""or.app.resume"",
  ""or.takeaway.view-basket"",
  ""or.takeaway.checkout"",
  ""or.takeaway.place-order"",
  ""or.takeaway.pay"",
  ""or.app.resume"",
  ""or.app.resume"",
  ""or.app.resume""
]","[
  ""重新載入 App"",
  ""查看外賣購物籃"",
  ""前往結帳"",
  ""確認下單"",
  ""付款"",
  ""重新載入 App"",
  ""重新載入 App"",
  ""重新載入 App""
]",
751827,bac964baf63f0a28,"[
  ""or.app.start"",
  ""or.app.start"",
  ""or.qcksearch"",
  ""or.search.layer"",
  ""or.search.layer"",
  ""or.search.quick"",
  ""view.SR1.Promotion"",
  ""impression.poi"",
  ""impression.poi"",
  ""impression.poi"",
  ""impression.poi"",
  ""or.search.layer"",
  ""or.search.layer"",
  ""view.SR1.Promotion"",
  ""or.search.layer.tips"",
  ""impression.poi"",
  ""impression.poi"",
  ""impression.poi"",
  ""impression.poi"",
  ""impression.poi"",
  ""impression.poi"",
  ""impression.poi"",
  ""impression.poi"",
  ""impression.poi"",
  ""impression.poi"",
  ""impression.poi"",
  ""impression.poi"",
  ""impression.poi"",
  ""impression.poi"",
  ""impression.poi"",
  ""view.SR1.Promotion"",
  ""impression.poi"",
  ""impression.poi"",
  ""impression.poi"",
  ""impression.poi"",
  ""impression.poi"",
  ""impression.poi"",
  ""impression.poi"",
  ""impression.poi"",
  ""impression.poi"",
  ""impression.poi"",
  ""impression.poi"",
  ""impression.poi"",
  ""impression.poi"",
  ""impression.poi"",
  ""impression.poi"",
  ""impression.poi"",
  ""view.SR1.Promotion"",
  ""impression.poi"",
  ""impression.poi"",
  ""impression.poi"",
  ""impression.poi"",
  ""impression.poi"",
  ""impression.poi"",
  ""impression.poi"",
  ""impression.poi"",
  ""impression.poi"",
  ""impression.poi"",
  ""or.search.get-poi"",
  ""or.poi.get-details"",
  ""or.poi.get-overview"",
  ""or.takeaway.order"",
  ""or.poi.get-photos.food"",
  ""poi.emenu.get-item"",
  ""or.app.resume"",
  ""or.takeaway.checkout"",
  ""or.takeaway.place-order"",
  ""or.takeaway.pay"",
  ""or.app.resume"",
  ""or.app.resume"",
  ""or.app.resume"",
  ""or.app.resume"",
  ""or.app.resume"",
  ""or.app.resume""
]","[
  ""開啟 App"",
  ""開啟 App"",
  ""開啟快速搜尋"",
  ""搜尋頁面"",
  ""搜尋頁面"",
  ""搜尋餐廳"",
  ""查看搜尋結果中的廣告"",
  ""瀏覽POI"",
  ""瀏覽POI"",
  ""瀏覽POI"",
  ""瀏覽POI"",
  ""搜尋頁面"",
  ""搜尋頁面"",
  ""查看搜尋結果中的廣告"",
  ""使用搜尋提示"",
  ""瀏覽POI"",
  ""瀏覽POI"",
  ""瀏覽POI"",
  ""瀏覽POI"",
  ""瀏覽POI"",
  ""瀏覽POI"",
  ""瀏覽POI"",
  ""瀏覽POI"",
  ""瀏覽POI"",
  ""瀏覽POI"",
  ""瀏覽POI"",
  ""瀏覽POI"",
  ""瀏覽POI"",
  ""瀏覽POI"",
  ""瀏覽POI"",
  ""查看搜尋結果中的廣告"",
  ""瀏覽POI"",
  ""瀏覽POI"",
  ""瀏覽POI"",
  ""瀏覽POI"",
  ""瀏覽POI"",
  ""瀏覽POI"",
  ""瀏覽POI"",
  ""瀏覽POI"",
  ""瀏覽POI"",
  ""瀏覽POI"",
  ""瀏覽POI"",
  ""瀏覽POI"",
  ""瀏覽POI"",
  ""瀏覽POI"",
  ""瀏覽POI"",
  ""瀏覽POI"",
  ""查看搜尋結果中的廣告"",
  ""瀏覽POI"",
  ""瀏覽POI"",
  ""瀏覽POI"",
  ""瀏覽POI"",
  ""瀏覽POI"",
  ""瀏覽POI"",
  ""瀏覽POI"",
  ""瀏覽POI"",
  ""瀏覽POI"",
  ""瀏覽POI"",
  ""從搜尋結果進入 POI"",
  ""載入 POI 詳情"",
  ""載入 POI 概覽"",
  ""進入外賣自取點餐頁/菜單"",
  ""載入餐廳食物相片"",
  ""選擇食物"",
  ""重新載入 App"",
  ""前往結帳"",
  ""確認下單"",
  ""付款"",
  ""重新載入 App"",
  ""重新載入 App"",
  ""重新載入 App"",
  ""重新載入 App"",
  ""重新載入 App"",
  ""重新載入 App""
]",Search
370894,5c5145b0-9e5d-4355-b911-34ed7a2c0ece,"[
  ""or.app.resume"",
  ""or.app.start"",
  ""or.qcksearch"",
  ""or.search.layer"",
  ""or.search.layer.tips"",
  ""impression.poi"",
  ""impression.poi"",
  ""or.poi.get-overview"",
  ""or.poi.get-details"",
  ""or.search.get-poi"",
  ""or.takeaway.order"",
  ""or.takeaway.checkout"",
  ""or.app.resume"",
  ""or.app.start"",
  ""or.qcksearch"",
  ""or.search.quick"",
  ""impression.poi"",
  ""impression.poi"",
  ""or.takeaway.order"",
  ""or.takeaway.checkout"",
  ""or.takeaway.place-order"",
  ""or.takeaway.pay"",
  ""or.app.resume"",
  ""or.app.resume"",
  ""or.app.resume"",
  ""or.takeaway.pay"",
  ""or.selforder.place-order"",
  ""or.selforder.place-order"",
  ""or.takeaway.pay"",
  ""or.app.resume"",
  ""or.app.resume"",
  ""or.myor.orderList"",
  ""or.app.resume"",
  ""or.app.openpush"",
  ""or.app.resume"",
  ""or.app.resume"",
  ""or.qcksearch"",
  ""or.search.layer"",
  ""or.search.layer.tips"",
  ""impression.poi"",
  ""impression.poi"",
  ""view.SR1.Promotion"",
  ""impression.ad.1"",
  ""impression.ad.1"",
  ""impression.ad.1"",
  ""or.poi.get-overview"",
  ""or.poi.get-details"",
  ""or.search.get-poi"",
  ""user.share.poi""
]","[
  ""重新載入 App"",
  ""開啟 App"",
  ""開啟快速搜尋"",
  ""搜尋頁面"",
  ""使用搜尋提示"",
  ""瀏覽POI"",
  ""瀏覽POI"",
  ""載入 POI 概覽"",
  ""載入 POI 詳情"",
  ""從搜尋結果進入 POI"",
  ""進入外賣自取點餐頁/菜單"",
  ""前往結帳"",
  ""重新載入 App"",
  ""開啟 App"",
  ""開啟快速搜尋"",
  ""搜尋餐廳"",
  ""瀏覽POI"",
  ""瀏覽POI"",
  ""進入外賣自取點餐頁/菜單"",
  ""前往結帳"",
  ""確認下單"",
  ""付款"",
  ""重新載入 App"",
  ""重新載入 App"",
  ""重新載入 App"",
  ""付款"",
  ""or.selforder.place-order"",
  ""or.selforder.place-order"",
  ""付款"",
  ""重新載入 App"",
  ""重新載入 App"",
  ""載入「我的訂單」列表"",
  ""重新載入 App"",
  ""從 push notification 開啟 App"",
  ""重新載入 App"",
  ""重新載入 App"",
  ""開啟快速搜尋"",
  ""搜尋頁面"",
  ""使用搜尋提示"",
  ""瀏覽POI"",
  ""瀏覽POI"",
  ""查看搜尋結果中的廣告"",
  ""impression.ad.1"",
  ""impression.ad.1"",
  ""impression.ad.1"",
  ""載入 POI 概覽"",
  ""載入 POI 詳情"",
  ""從搜尋結果進入 POI"",
  ""分享餐廳""
]",Search
967032,f03a4846-42be-46cd-9471-71d6b720c147,"[
  ""or.app.resume"",
  ""or.app.start"",
  ""user.myor"",
  ""or.page.home"",
  ""or.search.themelist.takeaway"",
  ""or.qcksearch"",
  ""or.search.quick"",
  ""impression.poi"",
  ""impression.poi"",
  ""impression.poi"",
  ""impression.poi"",
  ""or.poi.get-overview"",
  ""or.poi.get-details"",
  ""or.search.get-poi"",
  ""or.takeaway.order"",
  ""or.takeaway.checkout"",
  ""or.takeaway.place-order"",
  ""or.app.resume"",
  ""or.takeaway.pay"",
  ""or.app.resume""
]","[
  ""重新載入 App"",
  ""開啟 App"",
  ""點擊「我的」"",
  ""or.page.home"",
  ""點擊外賣自取按鈕"",
  ""開啟快速搜尋"",
  ""搜尋餐廳"",
  ""瀏覽POI"",
  ""瀏覽POI"",
  ""瀏覽POI"",
  ""瀏覽POI"",
  ""載入 POI 概覽"",
  ""載入 POI 詳情"",
  ""從搜尋結果進入 POI"",
  ""進入外賣自取點餐頁/菜單"",
  ""前往結帳"",
  ""確認下單"",
  ""重新載入 App"",
  ""付款"",
  ""重新載入 App""
]",Search
804320,c7d178d1-cffa-4528-9c1c-d2c48a7d4340,"[
  ""or.app.resume"",
  ""or.app.start"",
  ""or.app.resume"",
  ""or.qcksearch"",
  ""or.poi.get-details"",
  ""or.takeaway.order"",
  ""or.takeaway.checkout"",
  ""or.takeaway.place-order"",
  ""or.takeaway.pay"",
  ""or.app.resume"",
  ""or.app.resume"",
  ""or.app.resume""
]","[
  ""重新載入 App"",
  ""開啟 App"",
  ""重新載入 App"",
  ""開啟快速搜尋"",
  ""載入 POI 詳情"",
  ""進入外賣自取點餐頁/菜單"",
  ""前往結帳"",
  ""確認下單"",
  ""付款"",
  ""重新載入 App"",
  ""重新載入 App"",
  ""重新載入 App""
]",Search
835069,cf76a97b9655cfa2,"[
  ""or.app.start"",
  ""or.app.start"",
  ""or.search.layer"",
  ""or.qcksearch"",
  ""or.search.layer"",
  ""or.search.layer.tips"",
  ""impression.poi"",
  ""impression.poi"",
  ""impression.poi"",
  ""impression.poi"",
  ""impression.poi"",
  ""impression.poi"",
  ""impression.poi"",
  ""or.takeaway.order"",
  ""or.poi.get-photos.food"",
  ""poi.emenu.get-item"",
  ""or.takeaway.checkout"",
  ""or.takeaway.place-order"",
  ""or.takeaway.pay"",
  ""or.app.resume""
]","[
  ""開啟 App"",
  ""開啟 App"",
  ""搜尋頁面"",
  ""開啟快速搜尋"",
  ""搜尋頁面"",
  ""使用搜尋提示"",
  ""瀏覽POI"",
  ""瀏覽POI"",
  ""瀏覽POI"",
  ""瀏覽POI"",
  ""瀏覽POI"",
  ""瀏覽POI"",
  ""瀏覽POI"",
  ""進入外賣自取點餐頁/菜單"",
  ""載入餐廳食物相片"",
  ""選擇食物"",
  ""前往結帳"",
  ""確認下單"",
  ""付款"",
  ""重新載入 App""
]",Search
162027,28321867-6f3f-4d1e-9080-52a2333b9523,"[
  ""or.app.start"",
  ""user.myor"",
  ""or.myor.orderList"",
  ""or.poi.get-overview"",
  ""or.poi.get-details"",
  ""or.takeaway.order"",
  ""or.takeaway.checkout"",
  ""or.takeaway.place-order"",
  ""or.app.resume"",
  ""or.takeaway.pay"",
  ""or.app.resume"",
  ""or.app.start""
]","[
  ""開啟 App"",
  ""點擊「我的」"",
  ""載入「我的訂單」列表"",
  ""載入 POI 概覽"",
  ""載入 POI 詳情"",
  ""進入外賣自取點餐頁/菜單"",
  ""前往結帳"",
  ""確認下單"",
  ""重新載入 App"",
  ""付款"",
  ""重新載入 App"",
  ""開啟 App""
]",OrderHistory
800689,c6eb4c70eceb89ea,"[
  ""or.app.start"",
  ""or.app.start"",
  ""or.search.offer"",
  ""or.myor.bkmPOI"",
  ""myor.search.bkmPOI"",
  ""view.SR1.Promotion"",
  ""impression.poi"",
  ""impression.poi"",
  ""impression.poi"",
  ""impression.poi"",
  ""impression.poi"",
  ""impression.poi"",
  ""impression.poi"",
  ""impression.poi"",
  ""impression.poi"",
  ""impression.poi"",
  ""or.bookmark.get-poi"",
  ""or.poi.get-overview"",
  ""or.poi.get-details"",
  ""or.takeaway.order"",
  ""poi.emenu.get-item"",
  ""or.takeaway.place-order"",
  ""or.takeaway.pay"",
  ""or.app.resume"",
  ""or.app.resume"",
  ""or.app.resume"",
  ""or.app.resume"",
  ""or.app.resume""
]","[
  ""開啟 App"",
  ""開啟 App"",
  ""or.search.offer"",
  ""從收藏清單選擇餐廳"",
  ""從收藏清單搜尋收藏 POI "",
  ""查看搜尋結果中的廣告"",
  ""瀏覽POI"",
  ""瀏覽POI"",
  ""瀏覽POI"",
  ""瀏覽POI"",
  ""瀏覽POI"",
  ""瀏覽POI"",
  ""瀏覽POI"",
  ""瀏覽POI"",
  ""瀏覽POI"",
  ""瀏覽POI"",
  ""點擊收藏POI"",
  ""載入 POI 概覽"",
  ""載入 POI 詳情"",
  ""進入外賣自取點餐頁/菜單"",
  ""選擇食物"",
  ""確認下單"",
  ""付款"",
  ""重新載入 App"",
  ""重新載入 App"",
  ""重新載入 App"",
  ""重新載入 App"",
  ""重新載入 App""
]",
777059,c110f1dc-13d1-4b2a-8b10-b972a7a0e537,"[
  ""or.app.resume"",
  ""or.app.start"",
  ""or.qcksearch"",
  ""or.search.quick"",
  ""impression.poi"",
  ""impression.poi"",
  ""view.SR1.Promotion"",
  ""impression.poi"",
  ""or.poi.get-details"",
  ""or.search.get-poi"",
  ""or.poi.get-overview"",
  ""or.takeaway.order"",
  ""or.takeaway.checkout"",
  ""or.takeaway.place-order"",
  ""or.takeaway.pay"",
  ""or.app.resume"",
  ""or.app.resume""
]","[
  ""重新載入 App"",
  ""開啟 App"",
  ""開啟快速搜尋"",
  ""搜尋餐廳"",
  ""瀏覽POI"",
  ""瀏覽POI"",
  ""查看搜尋結果中的廣告"",
  ""瀏覽POI"",
  ""載入 POI 詳情"",
  ""從搜尋結果進入 POI"",
  ""載入 POI 概覽"",
  ""進入外賣自取點餐頁/菜單"",
  ""前往結帳"",
  ""確認下單"",
  ""付款"",
  ""重新載入 App"",
  ""重新載入 App""
]",Search
479998,774ef3e1-c0e0-4760-978b-25d789c5ab3c,"[
  ""or.app.resume"",
  ""or.app.start"",
  ""user.myor"",
  ""or.page.home"",
  ""or.qcksearch"",
  ""or.poi.get-details"",
  ""or.app.resume"",
  ""or.app.resume"",
  ""or.poi.back"",
  ""or.poi.get-details"",
  ""or.app.resume"",
  ""or.app.resume"",
  ""or.app.resume"",
  ""or.app.resume"",
  ""or.app.start"",
  ""or.qcksearch"",
  ""or.poi.get-details"",
  ""or.app.resume"",
  ""or.takeaway.order"",
  ""or.takeaway.checkout"",
  ""or.takeaway.place-order"",
  ""or.takeaway.pay"",
  ""or.app.resume"",
  ""or.app.resume"",
  ""or.app.resume"",
  ""or.app.resume"",
  ""or.app.resume"",
  ""or.myor.orderList"",
  ""or.app.resume"",
  ""or.app.resume"",
  ""or.app.resume"",
  ""or.selforder.place-order"",
  ""or.app.resume"",
  ""or.takeaway.pay"",
  ""or.app.resume"",
  ""or.app.resume"",
  ""or.app.resume"",
  ""or.app.resume""
]","[
  ""重新載入 App"",
  ""開啟 App"",
  ""點擊「我的」"",
  ""or.page.home"",
  ""開啟快速搜尋"",
  ""載入 POI 詳情"",
  ""重新載入 App"",
  ""重新載入 App"",
  ""離開 POI 頁面"",
  ""載入 POI 詳情"",
  ""重新載入 App"",
  ""重新載入 App"",
  ""重新載入 App"",
  ""重新載入 App"",
  ""開啟 App"",
  ""開啟快速搜尋"",
  ""載入 POI 詳情"",
  ""重新載入 App"",
  ""進入外賣自取點餐頁/菜單"",
  ""前往結帳"",
  ""確認下單"",
  ""付款"",
  ""重新載入 App"",
  ""重新載入 App"",
  ""重新載入 App"",
  ""重新載入 App"",
  ""重新載入 App"",
  ""載入「我的訂單」列表"",
  ""重新載入 App"",
  ""重新載入 App"",
  ""重新載入 App"",
  ""or.selforder.place-order"",
  ""重新載入 App"",
  ""付款"",
  ""重新載入 App"",
  ""重新載入 App"",
  ""重新載入 App"",
  ""重新載入 App""
]",Search
764966,be04fba4-dcde-4ef9-996a-2b03dca1186c,"[
  ""or.app.resume"",
  ""or.app.start"",
  ""or.qcksearch"",
  ""or.search.layer"",
  ""or.search.layer"",
  ""or.search.layer.tips"",
  ""impression.poi"",
  ""impression.poi"",
  ""impression.poi"",
  ""or.search.get-poi"",
  ""or.poi.get-details"",
  ""or.poi.get-overview"",
  ""or.takeaway.order"",
  ""or.takeaway.checkout"",
  ""or.takeaway.view-basket"",
  ""or.takeaway.checkout"",
  ""or.app.resume"",
  ""or.takeaway.place-order"",
  ""or.takeaway.pay"",
  ""or.app.resume"",
  ""or.app.resume"",
  ""or.app.resume"",
  ""or.app.resume""
]","[
  ""重新載入 App"",
  ""開啟 App"",
  ""開啟快速搜尋"",
  ""搜尋頁面"",
  ""搜尋頁面"",
  ""使用搜尋提示"",
  ""瀏覽POI"",
  ""瀏覽POI"",
  ""瀏覽POI"",
  ""從搜尋結果進入 POI"",
  ""載入 POI 詳情"",
  ""載入 POI 概覽"",
  ""進入外賣自取點餐頁/菜單"",
  ""前往結帳"",
  ""查看外賣購物籃"",
  ""前往結帳"",
  ""重新載入 App"",
  ""確認下單"",
  ""付款"",
  ""重新載入 App"",
  ""重新載入 App"",
  ""重新載入 App"",
  ""重新載入 App""
]",Search
774952,c08bc4a9-87f7-42ed-b9bc-397d08d090b5,"[
  ""or.app.start"",
  ""or.app.resume"",
  ""or.qcksearch"",
  ""or.search.layer"",
  ""or.search.quick"",
  ""impression.poi"",
  ""impression.sponsor.poi"",
  ""impression.poi"",
  ""impression.poi"",
  ""impression.poi"",
  ""impression.sponsor.poi"",
  ""or.app.resume"",
  ""or.app.start"",
  ""or.qcksearch"",
  ""or.search.layer"",
  ""or.search.quick"",
  ""view.SR1.Promotion"",
  ""impression.poi"",
  ""impression.poi"",
  ""impression.poi"",
  ""impression.poi"",
  ""impression.poi"",
  ""or.search.layer"",
  ""or.search.layer.search"",
  ""view.SR1.Promotion"",
  ""impression.poi"",
  ""or.search.get-poi"",
  ""or.poi.get-details"",
  ""or.poi.get-overview"",
  ""or.takeaway.order"",
  ""or.takeaway.checkout"",
  ""or.takeaway.place-order"",
  ""or.takeaway.pay"",
  ""or.app.resume"",
  ""or.app.resume""
]","[
  ""開啟 App"",
  ""重新載入 App"",
  ""開啟快速搜尋"",
  ""搜尋頁面"",
  ""搜尋餐廳"",
  ""瀏覽POI"",
  ""瀏覽贊助餐廳"",
  ""瀏覽POI"",
  ""瀏覽POI"",
  ""瀏覽POI"",
  ""瀏覽贊助餐廳"",
  ""重新載入 App"",
  ""開啟 App"",
  ""開啟快速搜尋"",
  ""搜尋頁面"",
  ""搜尋餐廳"",
  ""查看搜尋結果中的廣告"",
  ""瀏覽POI"",
  ""瀏覽POI"",
  ""瀏覽POI"",
  ""瀏覽POI"",
  ""瀏覽POI"",
  ""搜尋頁面"",
  ""使用搜尋頁面分類列表"",
  ""查看搜尋結果中的廣告"",
  ""瀏覽POI"",
  ""從搜尋結果進入 POI"",
  ""載入 POI 詳情"",
  ""載入 POI 概覽"",
  ""進入外賣自取點餐頁/菜單"",
  ""前往結帳"",
  ""確認下單"",
  ""付款"",
  ""重新載入 App"",
  ""重新載入 App""
]",Search
939742,e974f9a0-45ce-40cb-a7e6-448e1f49d9da,"[
  ""or.app.resume"",
  ""or.app.start"",
  ""user.myor"",
  ""or.myor.orderList"",
  ""or.poi.get-details"",
  ""or.poi.get-overview"",
  ""or.takeaway.order"",
  ""or.takeaway.checkout"",
  ""or.takeaway.place-order"",
  ""or.takeaway.pay"",
  ""or.app.resume"",
  ""or.app.resume"",
  ""or.app.resume"",
  ""or.app.resume""
]","[
  ""重新載入 App"",
  ""開啟 App"",
  ""點擊「我的」"",
  ""載入「我的訂單」列表"",
  ""載入 POI 詳情"",
  ""載入 POI 概覽"",
  ""進入外賣自取點餐頁/菜單"",
  ""前往結帳"",
  ""確認下單"",
  ""付款"",
  ""重新載入 App"",
  ""重新載入 App"",
  ""重新載入 App"",
  ""重新載入 App""
]",OrderHistory
951191,ec51be9c-070e-47bc-af2f-2c2643144b9b,"[
  ""or.app.start"",
  ""user.myor"",
  ""or.myor.orderList"",
  ""or.poi.get-details"",
  ""or.poi.get-overview"",
  ""or.takeaway.order"",
  ""or.takeaway.checkout"",
  ""or.takeaway.place-order"",
  ""or.app.resume"",
  ""or.app.resume"",
  ""or.takeaway.pay"",
  ""or.app.resume"",
  ""or.app.resume""
]","[
  ""開啟 App"",
  ""點擊「我的」"",
  ""載入「我的訂單」列表"",
  ""載入 POI 詳情"",
  ""載入 POI 概覽"",
  ""進入外賣自取點餐頁/菜單"",
  ""前往結帳"",
  ""確認下單"",
  ""重新載入 App"",
  ""重新載入 App"",
  ""付款"",
  ""重新載入 App"",
  ""重新載入 App""
]",OrderHistory
835400,cf8947fe-bc1d-409e-9c26-70957408bb38,"[
  ""or.app.resume"",
  ""or.app.start"",
  ""or.search.themelist.takeaway"",
  ""or.takeaway.order"",
  ""or.takeaway.checkout"",
  ""or.takeaway.place-order"",
  ""or.takeaway.pay"",
  ""or.app.resume""
]","[
  ""重新載入 App"",
  ""開啟 App"",
  ""點擊外賣自取按鈕"",
  ""進入外賣自取點餐頁/菜單"",
  ""前往結帳"",
  ""確認下單"",
  ""付款"",
  ""重新載入 App""
]",TakeawayButton
477735,76bf19b4-312a-4cbb-80bf-42942ce322fc,"[
  ""or.app.resume"",
  ""or.app.start"",
  ""myor.search.bkmPOI"",
  ""or.myor.bkmPOI"",
  ""user.myor"",
  ""or.page.home"",
  ""or.qcksearch"",
  ""or.poi.get-details"",
  ""impression.poi"",
  ""impression.poi"",
  ""impression.poi"",
  ""or.takeaway.order"",
  ""or.takeaway.checkout"",
  ""or.takeaway.place-order"",
  ""or.takeaway.pay"",
  ""or.app.resume"",
  ""or.app.resume""
]","[
  ""重新載入 App"",
  ""開啟 App"",
  ""從收藏清單搜尋收藏 POI "",
  ""從收藏清單選擇餐廳"",
  ""點擊「我的」"",
  ""or.page.home"",
  ""開啟快速搜尋"",
  ""載入 POI 詳情"",
  ""瀏覽POI"",
  ""瀏覽POI"",
  ""瀏覽POI"",
  ""進入外賣自取點餐頁/菜單"",
  ""前往結帳"",
  ""確認下單"",
  ""付款"",
  ""重新載入 App"",
  ""重新載入 App""
]",Search
691997,abdf494f-c379-4f2e-a417-1d331b7b7d0a,"[
  ""or.app.start"",
  ""or.qcksearch"",
  ""or.search.themelist.takeaway"",
  ""or.search.themelist.takeaway"",
  ""or.takeaway.order"",
  ""or.takeaway.checkout"",
  ""or.takeaway.place-order"",
  ""or.takeaway.pay"",
  ""or.app.resume""
]","[
  ""開啟 App"",
  ""開啟快速搜尋"",
  ""點擊外賣自取按鈕"",
  ""點擊外賣自取按鈕"",
  ""進入外賣自取點餐頁/菜單"",
  ""前往結帳"",
  ""確認下單"",
  ""付款"",
  ""重新載入 App""
]",TakeawayButton
918592,e444db83-5d1c-4a84-a7f9-b2e10c0dec1e,"[
  ""or.app.start"",
  ""or.qcksearch"",
  ""or.search.layer"",
  ""or.search.quick"",
  ""or.search.layer.search"",
  ""or.app.resume"",
  ""view.SR1.Promotion"",
  ""impression.poi"",
  ""impression.poi"",
  ""impression.poi"",
  ""or.search.layer"",
  ""or.search.layer.tips"",
  ""view.SR1.Promotion"",
  ""impression.poi"",
  ""impression.poi"",
  ""impression.poi"",
  ""impression.poi"",
  ""impression.poi"",
  ""impression.poi"",
  ""impression.poi"",
  ""impression.poi"",
  ""impression.poi"",
  ""or.search.get-poi"",
  ""impression.poi"",
  ""or.poi.get-details"",
  ""or.poi.get-overview"",
  ""impression.poi"",
  ""impression.poi"",
  ""or.takeaway.order"",
  ""or.takeaway.checkout"",
  ""or.takeaway.place-order"",
  ""or.app.resume"",
  ""or.app.resume"",
  ""or.takeaway.pay"",
  ""or.app.resume""
]","[
  ""開啟 App"",
  ""開啟快速搜尋"",
  ""搜尋頁面"",
  ""搜尋餐廳"",
  ""使用搜尋頁面分類列表"",
  ""重新載入 App"",
  ""查看搜尋結果中的廣告"",
  ""瀏覽POI"",
  ""瀏覽POI"",
  ""瀏覽POI"",
  ""搜尋頁面"",
  ""使用搜尋提示"",
  ""查看搜尋結果中的廣告"",
  ""瀏覽POI"",
  ""瀏覽POI"",
  ""瀏覽POI"",
  ""瀏覽POI"",
  ""瀏覽POI"",
  ""瀏覽POI"",
  ""瀏覽POI"",
  ""瀏覽POI"",
  ""瀏覽POI"",
  ""從搜尋結果進入 POI"",
  ""瀏覽POI"",
  ""載入 POI 詳情"",
  ""載入 POI 概覽"",
  ""瀏覽POI"",
  ""瀏覽POI"",
  ""進入外賣自取點餐頁/菜單"",
  ""前往結帳"",
  ""確認下單"",
  ""重新載入 App"",
  ""重新載入 App"",
  ""付款"",
  ""重新載入 App""
]",Search
657464,a35933d6-16b8-481d-9643-75e342ea52a4,"[
  ""or.app.resume"",
  ""or.app.start"",
  ""or.qcksearch"",
  ""or.search.layer"",
  ""or.search.layer.tips"",
  ""or.search.layer"",
  ""view.SR1.Promotion"",
  ""or.search.layer.tips"",
  ""or.search.layer"",
  ""or.search.layer.search"",
  ""or.search.back"",
  ""view.SR1.Promotion"",
  ""impression.poi"",
  ""impression.poi"",
  ""or.search.layer"",
  ""or.search.layer.tips"",
  ""view.SR1.Promotion"",
  ""impression.poi"",
  ""impression.poi"",
  ""impression.poi"",
  ""impression.poi"",
  ""or.poi.get-details"",
  ""or.search.get-poi"",
  ""or.poi.get-overview"",
  ""or.takeaway.order"",
  ""or.takeaway.checkout"",
  ""or.takeaway.place-order"",
  ""or.takeaway.pay"",
  ""or.app.resume""
]","[
  ""重新載入 App"",
  ""開啟 App"",
  ""開啟快速搜尋"",
  ""搜尋頁面"",
  ""使用搜尋提示"",
  ""搜尋頁面"",
  ""查看搜尋結果中的廣告"",
  ""使用搜尋提示"",
  ""搜尋頁面"",
  ""使用搜尋頁面分類列表"",
  ""離開搜尋頁面"",
  ""查看搜尋結果中的廣告"",
  ""瀏覽POI"",
  ""瀏覽POI"",
  ""搜尋頁面"",
  ""使用搜尋提示"",
  ""查看搜尋結果中的廣告"",
  ""瀏覽POI"",
  ""瀏覽POI"",
  ""瀏覽POI"",
  ""瀏覽POI"",
  ""載入 POI 詳情"",
  ""從搜尋結果進入 POI"",
  ""載入 POI 概覽"",
  ""進入外賣自取點餐頁/菜單"",
  ""前往結帳"",
  ""確認下單"",
  ""付款"",
  ""重新載入 App""
]",Search
1023495,fe211913c1022426,"[
  ""or.app.start"",
  ""or.app.start"",
  ""or.qcksearch"",
  ""or.search.layer"",
  ""or.search.layer"",
  ""or.search.layer.tips"",
  ""or.poi.get-details"",
  ""or.poi.get-overview"",
  ""or.takeaway.order"",
  ""or.poi.get-photos.food"",
  ""poi.emenu.get-item"",
  ""or.takeaway.checkout"",
  ""or.takeaway.place-order"",
  ""or.takeaway.pay""
]","[
  ""開啟 App"",
  ""開啟 App"",
  ""開啟快速搜尋"",
  ""搜尋頁面"",
  ""搜尋頁面"",
  ""使用搜尋提示"",
  ""載入 POI 詳情"",
  ""載入 POI 概覽"",
  ""進入外賣自取點餐頁/菜單"",
  ""載入餐廳食物相片"",
  ""選擇食物"",
  ""前往結帳"",
  ""確認下單"",
  ""付款""
]",Search
218004,3610be4db381fbef,"[
  ""or.app.start"",
  ""or.app.start"",
  ""or.app.start"",
  ""or.app.start"",
  ""or.app.resume"",
  ""or.app.start"",
  ""or.qcksearch"",
  ""or.search.layer"",
  ""or.search.layer"",
  ""view.SR1.Promotion"",
  ""or.search.layer.tips"",
  ""impression.poi"",
  ""impression.poi"",
  ""impression.poi"",
  ""impression.poi"",
  ""or.search.get-poi"",
  ""or.poi.get-overview"",
  ""or.poi.get-details"",
  ""or.takeaway.order"",
  ""or.poi.get-photos.food"",
  ""poi.emenu.get-item"",
  ""poi.emenu.get-item"",
  ""poi.emenu.get-item"",
  ""poi.emenu.get-item"",
  ""poi.emenu.get-item"",
  ""or.takeaway.checkout"",
  ""or.takeaway.place-order"",
  ""or.takeaway.pay"",
  ""or.app.resume"",
  ""or.app.resume"",
  ""or.app.resume"",
  ""or.app.resume""
]","[
  ""開啟 App"",
  ""開啟 App"",
  ""開啟 App"",
  ""開啟 App"",
  ""重新載入 App"",
  ""開啟 App"",
  ""開啟快速搜尋"",
  ""搜尋頁面"",
  ""搜尋頁面"",
  ""查看搜尋結果中的廣告"",
  ""使用搜尋提示"",
  ""瀏覽POI"",
  ""瀏覽POI"",
  ""瀏覽POI"",
  ""瀏覽POI"",
  ""從搜尋結果進入 POI"",
  ""載入 POI 概覽"",
  ""載入 POI 詳情"",
  ""進入外賣自取點餐頁/菜單"",
  ""載入餐廳食物相片"",
  ""選擇食物"",
  ""選擇食物"",
  ""選擇食物"",
  ""選擇食物"",
  ""選擇食物"",
  ""前往結帳"",
  ""確認下單"",
  ""付款"",
  ""重新載入 App"",
  ""重新載入 App"",
  ""重新載入 App"",
  ""重新載入 App""
]",Search
781815,c2482360-a603-4938-ae3b-0982101ee026,"[
  ""or.app.resume"",
  ""or.app.start"",
  ""or.qcksearch"",
  ""or.search.quick"",
  ""impression.poi"",
  ""or.takeaway.order"",
  ""or.takeaway.checkout"",
  ""or.takeaway.place-order"",
  ""or.takeaway.pay"",
  ""or.app.resume"",
  ""or.app.resume""
]","[
  ""重新載入 App"",
  ""開啟 App"",
  ""開啟快速搜尋"",
  ""搜尋餐廳"",
  ""瀏覽POI"",
  ""進入外賣自取點餐頁/菜單"",
  ""前往結帳"",
  ""確認下單"",
  ""付款"",
  ""重新載入 App"",
  ""重新載入 App""
]",Search
71460,11af986c-1949-464e-981e-122a975ab524,"[
  ""or.app.start"",
  ""or.qcksearch"",
  ""or.search.quick"",
  ""impression.poi"",
  ""impression.poi"",
  ""impression.poi"",
  ""impression.poi"",
  ""impression.poi"",
  ""or.takeaway.order"",
  ""or.takeaway.checkout"",
  ""or.takeaway.place-order"",
  ""or.takeaway.pay"",
  ""or.app.resume"",
  ""or.app.resume"",
  ""or.app.resume"",
  ""or.app.resume"",
  ""or.app.resume""
]","[
  ""開啟 App"",
  ""開啟快速搜尋"",
  ""搜尋餐廳"",
  ""瀏覽POI"",
  ""瀏覽POI"",
  ""瀏覽POI"",
  ""瀏覽POI"",
  ""瀏覽POI"",
  ""進入外賣自取點餐頁/菜單"",
  ""前往結帳"",
  ""確認下單"",
  ""付款"",
  ""重新載入 App"",
  ""重新載入 App"",
  ""重新載入 App"",
  ""重新載入 App"",
  ""重新載入 App""
]",Search
657896,a3732e0e-a3fc-408f-9c9e-f2a1dfb0a5ce,"[
  ""or.app.resume"",
  ""or.app.start"",
  ""or.qcksearch"",
  ""or.search.layer"",
  ""or.search.layer.tips"",
  ""impression.poi"",
  ""impression.poi"",
  ""impression.poi"",
  ""or.poi.get-overview"",
  ""or.poi.get-details"",
  ""or.search.get-poi"",
  ""or.takeaway.order"",
  ""or.takeaway.checkout"",
  ""or.app.resume"",
  ""or.takeaway.checkout"",
  ""or.takeaway.place-order"",
  ""or.app.resume"",
  ""or.takeaway.pay"",
  ""or.app.resume"",
  ""or.app.resume""
]","[
  ""重新載入 App"",
  ""開啟 App"",
  ""開啟快速搜尋"",
  ""搜尋頁面"",
  ""使用搜尋提示"",
  ""瀏覽POI"",
  ""瀏覽POI"",
  ""瀏覽POI"",
  ""載入 POI 概覽"",
  ""載入 POI 詳情"",
  ""從搜尋結果進入 POI"",
  ""進入外賣自取點餐頁/菜單"",
  ""前往結帳"",
  ""重新載入 App"",
  ""前往結帳"",
  ""確認下單"",
  ""重新載入 App"",
  ""付款"",
  ""重新載入 App"",
  ""重新載入 App""
]",Search
572827,8e58593864089302,"[
  ""or.app.start"",
  ""or.app.start"",
  ""or.qcksearch"",
  ""or.search.layer"",
  ""or.search.layer"",
  ""or.poi.get-overview"",
  ""or.poi.get-details"",
  ""or.search.layer.tips"",
  ""or.takeaway.order"",
  ""or.poi.get-photos.food"",
  ""poi.emenu.get-item"",
  ""or.takeaway.checkout"",
  ""or.takeaway.place-order"",
  ""or.takeaway.pay""
]","[
  ""開啟 App"",
  ""開啟 App"",
  ""開啟快速搜尋"",
  ""搜尋頁面"",
  ""搜尋頁面"",
  ""載入 POI 概覽"",
  ""載入 POI 詳情"",
  ""使用搜尋提示"",
  ""進入外賣自取點餐頁/菜單"",
  ""載入餐廳食物相片"",
  ""選擇食物"",
  ""前往結帳"",
  ""確認下單"",
  ""付款""
]",Search
390264,6123a5a0-5974-4053-a198-e9a7aac12e82,"[
  ""or.app.resume"",
  ""or.app.start"",
  ""or.search.themelist.takeaway"",
  ""or.search.themelist.takeaway"",
  ""or.takeaway.order"",
  ""or.takeaway.checkout"",
  ""or.takeaway.place-order"",
  ""or.takeaway.pay"",
  ""or.app.resume"",
  ""or.app.resume"",
  ""or.app.resume"",
  ""or.app.resume""
]","[
  ""重新載入 App"",
  ""開啟 App"",
  ""點擊外賣自取按鈕"",
  ""點擊外賣自取按鈕"",
  ""進入外賣自取點餐頁/菜單"",
  ""前往結帳"",
  ""確認下單"",
  ""付款"",
  ""重新載入 App"",
  ""重新載入 App"",
  ""重新載入 App"",
  ""重新載入 App""
]",TakeawayButton
727318,b4b61c5f-7851-4ebc-b51b-8306fc768be0,"[
  ""or.app.resume"",
  ""or.app.start"",
  ""or.qcksearch"",
  ""or.search.layer"",
  ""or.poi.get-details"",
  ""or.search.layer.tips"",
  ""or.poi.get-overview"",
  ""or.takeaway.order"",
  ""or.takeaway.checkout"",
  ""or.takeaway.place-order"",
  ""or.app.resume"",
  ""or.takeaway.pay"",
  ""or.poi.get-details"",
  ""or.poi.get-overview"",
  ""or.poi.back""
]","[
  ""重新載入 App"",
  ""開啟 App"",
  ""開啟快速搜尋"",
  ""搜尋頁面"",
  ""載入 POI 詳情"",
  ""使用搜尋提示"",
  ""載入 POI 概覽"",
  ""進入外賣自取點餐頁/菜單"",
  ""前往結帳"",
  ""確認下單"",
  ""重新載入 App"",
  ""付款"",
  ""載入 POI 詳情"",
  ""載入 POI 概覽"",
  ""離開 POI 頁面""
]",Search
528093,8358e39a-c455-4f60-b89f-61bc0dbc8432,"[
  ""or.app.resume"",
  ""or.app.start"",
  ""or.qcksearch"",
  ""or.search.themelist.takeaway"",
  ""or.search.themelist.takeaway"",
  ""or.search.themelist.takeaway"",
  ""or.search.themelist.takeaway"",
  ""or.takeaway.order"",
  ""or.app.resume"",
  ""or.poi.get-details"",
  ""or.poi.get-overview"",
  ""or.takeaway.order"",
  ""or.takeaway.checkout"",
  ""or.takeaway.place-order"",
  ""or.app.resume"",
  ""or.takeaway.pay"",
  ""or.app.resume"",
  ""or.app.openpush""
]","[
  ""重新載入 App"",
  ""開啟 App"",
  ""開啟快速搜尋"",
  ""點擊外賣自取按鈕"",
  ""點擊外賣自取按鈕"",
  ""點擊外賣自取按鈕"",
  ""點擊外賣自取按鈕"",
  ""進入外賣自取點餐頁/菜單"",
  ""重新載入 App"",
  ""載入 POI 詳情"",
  ""載入 POI 概覽"",
  ""進入外賣自取點餐頁/菜單"",
  ""前往結帳"",
  ""確認下單"",
  ""重新載入 App"",
  ""付款"",
  ""重新載入 App"",
  ""從 push notification 開啟 App""
]",TakeawayButton
785165,c31e40ac4e4c6cc3,"[
  ""or.app.start"",
  ""or.app.start"",
  ""or.search.themelist.takeaway"",
  ""or.poi.get-photos.food"",
  ""poi.emenu.get-item"",
  ""or.takeaway.checkout"",
  ""or.poi.get-photos.food"",
  ""poi.emenu.get-item"",
  ""or.takeaway.checkout"",
  ""or.takeaway.view-basket"",
  ""or.app.resume"",
  ""or.takeaway.checkout"",
  ""or.takeaway.place-order"",
  ""or.takeaway.pay"",
  ""or.app.resume""
]","[
  ""開啟 App"",
  ""開啟 App"",
  ""點擊外賣自取按鈕"",
  ""載入餐廳食物相片"",
  ""選擇食物"",
  ""前往結帳"",
  ""載入餐廳食物相片"",
  ""選擇食物"",
  ""前往結帳"",
  ""查看外賣購物籃"",
  ""重新載入 App"",
  ""前往結帳"",
  ""確認下單"",
  ""付款"",
  ""重新載入 App""
]",
218164,361a0617-df2d-4941-bf2d-e08a9b9d58ea,"[
  ""or.app.start"",
  ""or.poi.get-details"",
  ""or.deeplink.get-poi"",
  ""or.poi.get-overview"",
  ""impression.poi"",
  ""impression.poi"",
  ""impression.poi"",
  ""or.search.quick"",
  ""or.poi.LMS2-tab"",
  ""impression.poi"",
  ""view.SR1.Promotion"",
  ""impression.poi"",
  ""or.takeaway.order"",
  ""or.takeaway.checkout"",
  ""or.app.login"",
  ""or.app.login"",
  ""or.app.login"",
  ""user.login.google"",
  ""or.app.resume"",
  ""or.app.resume"",
  ""or.app.login"",
  ""or.takeaway.place-order"",
  ""or.takeaway.pay"",
  ""or.app.resume"",
  ""or.app.resume"",
  ""or.app.resume"",
  ""or.app.resume"",
  ""or.app.resume""
]","[
  ""開啟 App"",
  ""載入 POI 詳情"",
  ""由 deep link 獲取 POI"",
  ""載入 POI 概覽"",
  ""瀏覽POI"",
  ""瀏覽POI"",
  ""瀏覽POI"",
  ""搜尋餐廳"",
  ""or.poi.LMS2-tab"",
  ""瀏覽POI"",
  ""查看搜尋結果中的廣告"",
  ""瀏覽POI"",
  ""進入外賣自取點餐頁/菜單"",
  ""前往結帳"",
  ""or.app.login"",
  ""or.app.login"",
  ""or.app.login"",
  ""user.login.google"",
  ""重新載入 App"",
  ""重新載入 App"",
  ""or.app.login"",
  ""確認下單"",
  ""付款"",
  ""重新載入 App"",
  ""重新載入 App"",
  ""重新載入 App"",
  ""重新載入 App"",
  ""重新載入 App""
]",Search
107741,1abc95c73fa9a414,"[
  ""or.app.start"",
  ""or.app.start"",
  ""or.search.layer"",
  ""or.qcksearch"",
  ""or.search.layer.record"",
  ""or.poi.get-overview"",
  ""or.poi.get-details"",
  ""or.takeaway.order"",
  ""or.poi.get-photos.food"",
  ""poi.emenu.get-item"",
  ""or.takeaway.checkout"",
  ""or.takeaway.place-order"",
  ""or.takeaway.pay"",
  ""or.app.resume"",
  ""or.app.resume""
]","[
  ""開啟 App"",
  ""開啟 App"",
  ""搜尋頁面"",
  ""開啟快速搜尋"",
  ""使用搜尋紀錄"",
  ""載入 POI 概覽"",
  ""載入 POI 詳情"",
  ""進入外賣自取點餐頁/菜單"",
  ""載入餐廳食物相片"",
  ""選擇食物"",
  ""前往結帳"",
  ""確認下單"",
  ""付款"",
  ""重新載入 App"",
  ""重新載入 App""
]",Search
163693,289af735-77c3-4dfb-a9f2-e536b3d61d0a,"[
  ""or.app.resume"",
  ""or.qcksearch"",
  ""or.search.quick"",
  ""or.poi.get-details"",
  ""or.takeaway.order"",
  ""or.app.resume"",
  ""or.poi.back"",
  ""or.search.quick"",
  ""impression.poi"",
  ""impression.poi"",
  ""impression.poi"",
  ""impression.poi"",
  ""or.poi.get-details"",
  ""or.search.get-poi"",
  ""or.poi.get-overview"",
  ""or.poi.moreinfo"",
  ""or.poi.get-photos.menu"",
  ""impression.explore"",
  ""impression.explore"",
  ""impression.explore"",
  ""impression.explore"",
  ""or.sr2.reel.photo"",
  ""or.sr2.reel.photo"",
  ""or.sr2.reel.photo"",
  ""or.sr2.reel.photo"",
  ""impression.explore"",
  ""impression.explore"",
  ""impression.explore"",
  ""impression.explore"",
  ""impression.explore"",
  ""impression.explore"",
  ""impression.explore"",
  ""impression.explore"",
  ""impression.explore"",
  ""impression.explore"",
  ""impression.explore"",
  ""or.poi.get-photos.menu"",
  ""impression.explore"",
  ""or.sr2.reel.photo"",
  ""or.sr2.reel.photo"",
  ""impression.explore"",
  ""impression.explore"",
  ""impression.explore"",
  ""impression.explore"",
  ""impression.explore"",
  ""impression.explore"",
  ""impression.explore"",
  ""impression.explore"",
  ""or.search.back.dialog"",
  ""or.search.quick"",
  ""or.poi.get-details"",
  ""impression.poi"",
  ""impression.poi"",
  ""or.takeaway.order"",
  ""or.takeaway.checkout"",
  ""or.takeaway.place-order"",
  ""or.app.resume"",
  ""or.takeaway.pay"",
  ""user.bookmark.poi"",
  ""or.app.resume"",
  ""or.app.resume"",
  ""or.app.resume"",
  ""or.app.resume""
]","[
  ""重新載入 App"",
  ""開啟快速搜尋"",
  ""搜尋餐廳"",
  ""載入 POI 詳情"",
  ""進入外賣自取點餐頁/菜單"",
  ""重新載入 App"",
  ""離開 POI 頁面"",
  ""搜尋餐廳"",
  ""瀏覽POI"",
  ""瀏覽POI"",
  ""瀏覽POI"",
  ""瀏覽POI"",
  ""載入 POI 詳情"",
  ""從搜尋結果進入 POI"",
  ""載入 POI 概覽"",
  ""or.poi.moreinfo"",
  ""載入餐廳菜單相片"",
  ""impression.explore"",
  ""impression.explore"",
  ""impression.explore"",
  ""impression.explore"",
  ""瀏覽短片"",
  ""瀏覽短片"",
  ""瀏覽短片"",
  ""瀏覽短片"",
  ""impression.explore"",
  ""impression.explore"",
  ""impression.explore"",
  ""impression.explore"",
  ""impression.explore"",
  ""impression.explore"",
  ""impression.explore"",
  ""impression.explore"",
  ""impression.explore"",
  ""impression.explore"",
  ""impression.explore"",
  ""載入餐廳菜單相片"",
  ""impression.explore"",
  ""瀏覽短片"",
  ""瀏覽短片"",
  ""impression.explore"",
  ""impression.explore"",
  ""impression.explore"",
  ""impression.explore"",
  ""impression.explore"",
  ""impression.explore"",
  ""impression.explore"",
  ""impression.explore"",
  ""or.search.back.dialog"",
  ""搜尋餐廳"",
  ""載入 POI 詳情"",
  ""瀏覽POI"",
  ""瀏覽POI"",
  ""進入外賣自取點餐頁/菜單"",
  ""前往結帳"",
  ""確認下單"",
  ""重新載入 App"",
  ""付款"",
  ""新增收藏"",
  ""重新載入 App"",
  ""重新載入 App"",
  ""重新載入 App"",
  ""重新載入 App""
]",Search
495137,7b1c8d5e-dd67-4cab-a6b9-cbbba7e51b15,"[
  ""or.app.resume"",
  ""or.app.start"",
  ""or.qcksearch"",
  ""or.search.layer"",
  ""or.app.resume"",
  ""or.search.layer.tips"",
  ""or.poi.get-details"",
  ""or.poi.get-overview"",
  ""or.takeaway.order"",
  ""or.takeaway.checkout"",
  ""or.takeaway.place-order"",
  ""or.app.resume"",
  ""or.takeaway.pay"",
  ""or.app.resume""
]","[
  ""重新載入 App"",
  ""開啟 App"",
  ""開啟快速搜尋"",
  ""搜尋頁面"",
  ""重新載入 App"",
  ""使用搜尋提示"",
  ""載入 POI 詳情"",
  ""載入 POI 概覽"",
  ""進入外賣自取點餐頁/菜單"",
  ""前往結帳"",
  ""確認下單"",
  ""重新載入 App"",
  ""付款"",
  ""重新載入 App""
]",Search
183601,2d7bc0d1543e96a3,"[
  ""or.app.start"",
  ""or.app.start"",
  ""or.app.start"",
  ""or.app.start"",
  ""or.search.layer"",
  ""or.qcksearch"",
  ""or.search.layer"",
  ""or.search.layer.record"",
  ""or.app.resume"",
  ""impression.poi"",
  ""impression.poi"",
  ""impression.poi"",
  ""or.search.get-poi"",
  ""or.poi.get-details"",
  ""or.poi.get-overview"",
  ""or.takeaway.order"",
  ""or.poi.get-photos.menu"",
  ""poi.emenu.get-item"",
  ""or.takeaway.checkout"",
  ""or.takeaway.place-order"",
  ""or.takeaway.pay"",
  ""or.app.resume"",
  ""or.app.resume""
]","[
  ""開啟 App"",
  ""開啟 App"",
  ""開啟 App"",
  ""開啟 App"",
  ""搜尋頁面"",
  ""開啟快速搜尋"",
  ""搜尋頁面"",
  ""使用搜尋紀錄"",
  ""重新載入 App"",
  ""瀏覽POI"",
  ""瀏覽POI"",
  ""瀏覽POI"",
  ""從搜尋結果進入 POI"",
  ""載入 POI 詳情"",
  ""載入 POI 概覽"",
  ""進入外賣自取點餐頁/菜單"",
  ""載入餐廳菜單相片"",
  ""選擇食物"",
  ""前往結帳"",
  ""確認下單"",
  ""付款"",
  ""重新載入 App"",
  ""重新載入 App""
]",Search
79793,13c89eb5-daed-4836-9767-78df455bf339,"[
  ""or.app.resume"",
  ""or.qcksearch"",
  ""or.search.quick"",
  ""impression.poi"",
  ""impression.poi"",
  ""or.poi.get-details"",
  ""or.poi.get-overview"",
  ""or.search.get-poi"",
  ""or.takeaway.order"",
  ""or.takeaway.checkout"",
  ""or.takeaway.place-order"",
  ""or.takeaway.pay"",
  ""or.app.resume"",
  ""user.bookmark.poi"",
  ""or.app.resume"",
  ""or.app.resume""
]","[
  ""重新載入 App"",
  ""開啟快速搜尋"",
  ""搜尋餐廳"",
  ""瀏覽POI"",
  ""瀏覽POI"",
  ""載入 POI 詳情"",
  ""載入 POI 概覽"",
  ""從搜尋結果進入 POI"",
  ""進入外賣自取點餐頁/菜單"",
  ""前往結帳"",
  ""確認下單"",
  ""付款"",
  ""重新載入 App"",
  ""新增收藏"",
  ""重新載入 App"",
  ""重新載入 App""
]",Search
541332,8697581a-4b30-4fee-936c-672bf2e41a9b,"[
  ""or.app.resume"",
  ""or.app.start"",
  ""or.search.themelist.takeaway"",
  ""or.qcksearch"",
  ""or.search.quick"",
  ""view.SR1.Promotion"",
  ""impression.poi"",
  ""impression.poi"",
  ""impression.poi"",
  ""impression.poi"",
  ""or.takeaway.order"",
  ""or.app.resume"",
  ""or.app.start"",
  ""or.qcksearch"",
  ""or.search.quick"",
  ""impression.poi"",
  ""view.SR1.Promotion"",
  ""impression.poi"",
  ""impression.poi"",
  ""impression.poi"",
  ""or.takeaway.order"",
  ""or.selforder.order"",
  ""or.app.resume"",
  ""or.app.start"",
  ""or.qcksearch"",
  ""or.search.quick"",
  ""view.SR1.Promotion"",
  ""impression.poi"",
  ""impression.poi"",
  ""impression.poi"",
  ""impression.poi"",
  ""or.takeaway.order"",
  ""or.takeaway.checkout"",
  ""or.takeaway.place-order"",
  ""or.app.resume"",
  ""or.takeaway.pay"",
  ""or.app.resume"",
  ""or.app.resume""
]","[
  ""重新載入 App"",
  ""開啟 App"",
  ""點擊外賣自取按鈕"",
  ""開啟快速搜尋"",
  ""搜尋餐廳"",
  ""查看搜尋結果中的廣告"",
  ""瀏覽POI"",
  ""瀏覽POI"",
  ""瀏覽POI"",
  ""瀏覽POI"",
  ""進入外賣自取點餐頁/菜單"",
  ""重新載入 App"",
  ""開啟 App"",
  ""開啟快速搜尋"",
  ""搜尋餐廳"",
  ""瀏覽POI"",
  ""查看搜尋結果中的廣告"",
  ""瀏覽POI"",
  ""瀏覽POI"",
  ""瀏覽POI"",
  ""進入外賣自取點餐頁/菜單"",
  ""or.selforder.order"",
  ""重新載入 App"",
  ""開啟 App"",
  ""開啟快速搜尋"",
  ""搜尋餐廳"",
  ""查看搜尋結果中的廣告"",
  ""瀏覽POI"",
  ""瀏覽POI"",
  ""瀏覽POI"",
  ""瀏覽POI"",
  ""進入外賣自取點餐頁/菜單"",
  ""前往結帳"",
  ""確認下單"",
  ""重新載入 App"",
  ""付款"",
  ""重新載入 App"",
  ""重新載入 App""
]",Search
998627,f7f9013d-24fb-4163-a67c-fea3fe84d089,"[
  """",
  ""or.takeaway.order"",
  """",
  ""or.takeaway.pay"",
  """",
  """",
  ""or.takeaway.order"",
  """",
  ""or.takeaway.pay"",
  """",
  """"
]","[
  """",
  ""進入外賣自取點餐頁/菜單"",
  """",
  ""付款"",
  """",
  """",
  ""進入外賣自取點餐頁/菜單"",
  """",
  ""付款"",
  """",
  """"
]",
575573,8f07146afa4042f4,"[
  ""or.app.start"",
  ""or.app.start"",
  ""or.search.layer"",
  ""or.qcksearch"",
  ""or.search.layer"",
  ""or.search.layer.tips"",
  ""impression.poi"",
  ""or.takeaway.order"",
  ""or.poi.get-photos.food"",
  ""poi.emenu.get-item"",
  ""or.takeaway.checkout"",
  ""or.takeaway.place-order"",
  ""or.takeaway.pay"",
  ""or.app.resume""
]","[
  ""開啟 App"",
  ""開啟 App"",
  ""搜尋頁面"",
  ""開啟快速搜尋"",
  ""搜尋頁面"",
  ""使用搜尋提示"",
  ""瀏覽POI"",
  ""進入外賣自取點餐頁/菜單"",
  ""載入餐廳食物相片"",
  ""選擇食物"",
  ""前往結帳"",
  ""確認下單"",
  ""付款"",
  ""重新載入 App""
]",Search
446503,6ef7488d-0ba3-4f3d-bdab-9e4a4355dee1,"[
  ""or.app.start"",
  ""or.qcksearch"",
  ""or.search.quick"",
  ""view.SR1.Promotion"",
  ""impression.poi"",
  ""impression.poi"",
  ""impression.poi"",
  ""or.takeaway.order"",
  ""or.takeaway.checkout"",
  ""or.takeaway.place-order"",
  ""or.app.resume"",
  ""or.takeaway.pay"",
  ""or.app.resume"",
  ""or.app.resume""
]","[
  ""開啟 App"",
  ""開啟快速搜尋"",
  ""搜尋餐廳"",
  ""查看搜尋結果中的廣告"",
  ""瀏覽POI"",
  ""瀏覽POI"",
  ""瀏覽POI"",
  ""進入外賣自取點餐頁/菜單"",
  ""前往結帳"",
  ""確認下單"",
  ""重新載入 App"",
  ""付款"",
  ""重新載入 App"",
  ""重新載入 App""
]",Search
978762,f31a3999-2c20-4541-b438-7b81a5a67c77,"[
  ""or.app.resume"",
  ""or.app.start"",
  ""or.qcksearch"",
  ""or.search.quick"",
  ""impression.poi"",
  ""view.SR1.Promotion"",
  ""or.takeaway.order"",
  ""or.takeaway.checkout"",
  ""or.takeaway.checkout"",
  ""or.takeaway.place-order"",
  ""or.app.resume"",
  ""or.takeaway.pay"",
  ""or.app.resume"",
  ""or.app.resume""
]","[
  ""重新載入 App"",
  ""開啟 App"",
  ""開啟快速搜尋"",
  ""搜尋餐廳"",
  ""瀏覽POI"",
  ""查看搜尋結果中的廣告"",
  ""進入外賣自取點餐頁/菜單"",
  ""前往結帳"",
  ""前往結帳"",
  ""確認下單"",
  ""重新載入 App"",
  ""付款"",
  ""重新載入 App"",
  ""重新載入 App""
]",Search
992237,f65a3864-4cf8-41a4-8d3b-19d23c8f35d5,"[
  ""or.app.resume"",
  ""or.app.start"",
  ""or.qcksearch"",
  ""or.search.layer"",
  ""or.poi.get-details"",
  ""or.poi.get-overview"",
  ""or.search.layer.tips"",
  ""or.takeaway.order"",
  ""or.takeaway.checkout"",
  ""or.takeaway.place-order"",
  ""or.takeaway.pay"",
  ""or.app.resume"",
  ""or.app.resume"",
  ""or.app.resume"",
  ""or.poi.get-overview"",
  ""or.poi.get-details""
]","[
  ""重新載入 App"",
  ""開啟 App"",
  ""開啟快速搜尋"",
  ""搜尋頁面"",
  ""載入 POI 詳情"",
  ""載入 POI 概覽"",
  ""使用搜尋提示"",
  ""進入外賣自取點餐頁/菜單"",
  ""前往結帳"",
  ""確認下單"",
  ""付款"",
  ""重新載入 App"",
  ""重新載入 App"",
  ""重新載入 App"",
  ""載入 POI 概覽"",
  ""載入 POI 詳情""
]",Search
764669,bdf241c5-721e-4ec8-a225-a9e372667627,"[
  ""or.app.resume"",
  ""or.app.start"",
  ""or.qcksearch"",
  ""or.search.layer"",
  ""or.search.layer.tips"",
  ""impression.poi"",
  ""impression.poi"",
  ""impression.poi"",
  ""or.poi.get-details"",
  ""or.search.get-poi"",
  ""or.poi.get-overview"",
  ""or.takeaway.order"",
  ""or.takeaway.checkout"",
  ""or.takeaway.place-order"",
  ""or.app.resume"",
  ""or.takeaway.pay"",
  ""or.app.resume""
]","[
  ""重新載入 App"",
  ""開啟 App"",
  ""開啟快速搜尋"",
  ""搜尋頁面"",
  ""使用搜尋提示"",
  ""瀏覽POI"",
  ""瀏覽POI"",
  ""瀏覽POI"",
  ""載入 POI 詳情"",
  ""從搜尋結果進入 POI"",
  ""載入 POI 概覽"",
  ""進入外賣自取點餐頁/菜單"",
  ""前往結帳"",
  ""確認下單"",
  ""重新載入 App"",
  ""付款"",
  ""重新載入 App""
]",Search
